season,season_end_year,player_name,team,games_played,minutes_played,pts,trb,ast,stl,blk,fg_pct,fg3_pct,ft_pct,player_key,last_updated_utc
2025-26,2026,AJ Green,MIL,43,29.7,10.1,2.5,2.0,0.6,0.1,0.437,0.428,0.774,aj_green,2026-02-03T07:07:36Z
2025-26,2026,Aaron Gordon,DEN,23,27.9,17.7,6.2,2.5,0.7,0.2,0.509,0.4,0.789,aaron_gordon,2026-02-03T07:07:36Z
2025-26,2026,Aaron Nesmith,IND,29,30.7,13.9,4.9,2.3,0.6,0.6,0.386,0.371,0.81,aaron_nesmith,2026-02-03T07:07:36Z
2025-26,2026,Aaron Wiggins,OKC,35,23.8,10.6,3.5,1.8,0.9,0.7,0.446,0.386,0.732,aaron_wiggins,2026-02-03T07:07:36Z
2025-26,2026,Ace Bailey,UTA,43,25.1,11.2,3.6,1.6,0.7,0.4,0.448,0.346,0.737,ace_bailey,2026-02-03T07:07:36Z
2025-26,2026,Adem Bona,PHI,40,16.3,4.0,3.9,0.3,0.3,1.4,0.564,0.4,0.656,adem_bona,2026-02-03T07:07:36Z
2025-26,2026,Ajay Mitchell,OKC,43,26.2,14.1,3.5,3.7,1.4,0.3,0.487,0.35,0.87,ajay_mitchell,2026-02-03T07:07:36Z
2025-26,2026,Al Horford,GSW,29,19.9,7.2,5.0,2.3,0.8,1.1,0.418,0.352,1.0,al_horford,2026-02-03T07:07:36Z
2025-26,2026,Alex Caruso,OKC,32,18.2,6.1,2.8,2.1,1.4,0.4,0.417,0.301,0.821,alex_caruso,2026-02-03T07:07:36Z
2025-26,2026,Alex Sarr,WAS,38,28.6,17.6,7.7,2.8,0.8,2.1,0.499,0.333,0.713,alex_sarr,2026-02-03T07:07:36Z
2025-26,2026,Alperen Sengun,HOU,41,34.1,21.4,9.4,6.3,1.4,1.0,0.501,0.293,0.687,alperen_sengun,2026-02-03T07:07:36Z
2025-26,2026,Amen Thompson,HOU,48,37.5,18.1,7.8,5.5,1.5,0.6,0.505,0.193,0.791,amen_thompson,2026-02-03T07:07:36Z
2025-26,2026,Andre Drummond,PHI,37,19.6,6.8,8.7,0.8,0.5,0.9,0.5,0.362,0.633,andre_drummond,2026-02-03T07:07:36Z
2025-26,2026,Andrew Nembhard,IND,40,32.0,17.3,3.0,7.5,0.9,0.2,0.448,0.368,0.805,andrew_nembhard,2026-02-03T07:07:36Z
2025-26,2026,Andrew Wiggins,MIA,47,31.2,15.6,4.9,2.9,1.2,1.0,0.468,0.384,0.792,andrew_wiggins,2026-02-03T07:07:36Z
2025-26,2026,Anfernee Simons,BOS,49,24.5,14.2,2.4,2.4,0.6,0.1,0.44,0.395,0.889,anfernee_simons,2026-02-03T07:07:36Z
2025-26,2026,Anthony Black,ORL,48,31.2,15.9,4.1,4.1,1.4,0.7,0.461,0.355,0.742,anthony_black,2026-02-03T07:07:36Z
2025-26,2026,Anthony Davis,DAL,20,31.3,20.4,11.1,2.8,1.1,1.7,0.506,0.27,0.728,anthony_davis,2026-02-03T07:07:36Z
2025-26,2026,Anthony Edwards,MIN,41,35.4,29.7,5.2,3.7,1.3,0.8,0.494,0.407,0.795,anthony_edwards,2026-02-03T07:07:36Z
2025-26,2026,Ausar Thompson,DET,44,25.7,10.6,6.0,2.7,1.8,0.8,0.511,0.3,0.576,ausar_thompson,2026-02-03T07:07:36Z
2025-26,2026,Austin Reaves,LAL,23,35.3,26.6,5.2,6.3,1.0,0.2,0.507,0.365,0.873,austin_reaves,2026-02-03T07:07:36Z
2025-26,2026,Ayo Dosunmu,CHI,44,26.3,15.0,3.0,3.5,0.7,0.3,0.515,0.449,0.854,ayo_dosunmu,2026-02-03T07:07:36Z
2025-26,2026,Bam Adebayo,MIA,43,31.1,18.2,9.8,2.8,1.0,0.7,0.449,0.351,0.785,bam_adebayo,2026-02-03T07:07:36Z
2025-26,2026,Ben Saraf,BKN,17,17.4,4.7,1.5,2.6,0.8,0.2,0.325,0.244,0.762,ben_saraf,2026-02-03T07:07:36Z
2025-26,2026,Ben Sheppard,IND,39,21.3,6.1,3.1,1.7,0.5,0.1,0.384,0.328,0.765,ben_sheppard,2026-02-03T07:07:36Z
2025-26,2026,Bennedict Mathurin,IND,28,31.8,17.8,5.4,2.3,0.6,0.1,0.433,0.372,0.884,bennedict_mathurin,2026-02-03T07:07:36Z
2025-26,2026,Bilal Coulibaly,WAS,29,26.4,9.9,4.7,2.6,1.4,0.9,0.397,0.26,0.781,bilal_coulibaly,2026-02-03T07:07:36Z
2025-26,2026,Blake Wesley,POR,7,16.7,5.9,2.4,3.3,1.6,0.1,0.432,0.273,0.6,blake_wesley,2026-02-03T07:07:36Z
2025-26,2026,Bobby Portis,MIL,47,24.5,13.2,6.7,1.7,0.6,0.2,0.482,0.452,0.711,bobby_portis,2026-02-03T07:07:36Z
2025-26,2026,Bogdan Bogdanović,LAC,16,22.5,8.0,2.9,2.7,0.5,0.1,0.376,0.333,0.842,bogdan_bogdanovic,2026-02-03T07:07:36Z
2025-26,2026,Bradley Beal,LAC,6,20.2,8.2,0.8,1.7,0.5,0.0,0.375,0.368,0.75,bradley_beal,2026-02-03T07:07:36Z
2025-26,2026,Brandin Podziemski,GSW,50,26.8,12.1,4.6,3.6,1.2,0.2,0.454,0.385,0.762,brandin_podziemski,2026-02-03T07:07:36Z
2025-26,2026,Brandon Ingram,TOR,49,34.1,21.9,5.9,3.7,0.8,0.8,0.47,0.358,0.836,brandon_ingram,2026-02-03T07:07:36Z
2025-26,2026,Brandon Miller,CHA,34,30.3,20.6,4.7,3.4,1.0,0.9,0.431,0.366,0.879,brandon_miller,2026-02-03T07:07:36Z
2025-26,2026,Brandon Williams,DAL,43,21.9,12.6,2.9,3.6,1.0,0.2,0.462,0.21,0.784,brandon_williams,2026-02-03T07:07:36Z
2025-26,2026,Brice Sensabaugh,UTA,47,21.2,12.0,2.9,1.5,0.7,0.1,0.45,0.332,0.867,brice_sensabaugh,2026-02-03T07:07:36Z
2025-26,2026,Brook Lopez,LAC,42,17.2,6.5,2.6,0.9,0.5,1.0,0.373,0.341,0.867,brook_lopez,2026-02-03T07:07:36Z
2025-26,2026,Bruce Brown,DEN,50,24.5,7.4,4.1,2.2,1.0,0.3,0.463,0.338,0.77,bruce_brown,2026-02-03T07:07:36Z
2025-26,2026,Bryce McGowens,NOP,29,19.4,7.6,2.0,1.3,0.6,0.1,0.477,0.436,0.761,bryce_mcgowens,2026-02-03T07:07:36Z
2025-26,2026,Bub Carrington,WAS,48,28.4,10.0,3.7,4.7,0.6,0.2,0.4,0.405,0.774,bub_carrington,2026-02-03T07:07:36Z
2025-26,2026,Buddy Hield,GSW,43,17.2,8.0,2.4,1.5,0.8,0.2,0.436,0.351,0.813,buddy_hield,2026-02-03T07:07:36Z
2025-26,2026,CJ McCollum,ATL,46,30.1,18.6,3.5,3.6,0.7,0.3,0.456,0.381,0.767,cj_mccollum,2026-02-03T07:07:36Z
2025-26,2026,Cade Cunningham,DET,42,35.1,25.2,5.6,9.8,1.5,0.9,0.46,0.324,0.809,cade_cunningham,2026-02-03T07:07:36Z
2025-26,2026,Caleb Love,POR,42,22.6,11.4,2.7,2.7,0.6,0.1,0.393,0.323,0.735,caleb_love,2026-02-03T07:07:36Z
2025-26,2026,Cam Spencer,MEM,47,24.1,11.7,2.7,5.6,0.7,0.1,0.478,0.459,0.927,cam_spencer,2026-02-03T07:07:36Z
2025-26,2026,Cam Thomas,BKN,23,24.3,16.0,1.9,3.1,0.2,0.1,0.399,0.327,0.849,cam_thomas,2026-02-03T07:07:36Z
2025-26,2026,Cam Whitmore,WAS,21,16.9,9.2,2.8,0.7,0.7,0.4,0.456,0.286,0.742,cam_whitmore,2026-02-03T07:07:36Z
2025-26,2026,Cameron Johnson,DEN,28,30.6,11.7,3.6,2.4,0.6,0.3,0.461,0.429,0.81,cameron_johnson,2026-02-03T07:07:36Z
2025-26,2026,Caris LeVert,DET,31,19.7,7.9,1.8,2.8,0.9,0.6,0.431,0.34,0.679,caris_levert,2026-02-03T07:07:36Z
2025-26,2026,Cason Wallace,OKC,47,26.4,7.8,3.1,2.0,2.0,0.2,0.422,0.373,0.73,cason_wallace,2026-02-03T07:07:36Z
2025-26,2026,Cedric Coward,MEM,45,26.7,13.8,6.2,2.9,0.5,0.4,0.467,0.345,0.849,cedric_coward,2026-02-03T07:07:36Z
2025-26,2026,Chet Holmgren,OKC,44,29.3,17.7,8.5,1.6,0.5,2.1,0.566,0.366,0.778,chet_holmgren,2026-02-03T07:07:36Z
2025-26,2026,Christian Braun,DEN,14,28.9,9.5,4.2,2.5,0.6,0.4,0.459,0.212,0.75,christian_braun,2026-02-03T07:07:36Z
2025-26,2026,Christian Koloko,ATL,19,15.5,2.8,3.4,0.7,0.6,1.1,0.456,0.25,0.25,christian_koloko,2026-02-03T07:07:36Z
2025-26,2026,Coby White,CHI,28,29.0,18.5,3.5,4.8,0.7,0.1,0.439,0.35,0.81,coby_white,2026-02-03T07:07:36Z
2025-26,2026,Cody Williams,UTA,36,18.4,5.8,2.1,0.8,0.5,0.4,0.476,0.246,0.593,cody_williams,2026-02-03T07:07:36Z
2025-26,2026,Cole Anthony,MIL,34,15.1,6.8,2.5,3.4,0.6,0.3,0.423,0.306,0.615,cole_anthony,2026-02-03T07:07:36Z
2025-26,2026,Collin Gillespie,PHX,49,28.2,13.5,4.1,4.6,1.4,0.2,0.441,0.43,0.841,collin_gillespie,2026-02-03T07:07:36Z
2025-26,2026,Collin Murray-Boyles,TOR,40,22.0,7.7,5.1,2.1,0.9,0.8,0.534,0.341,0.644,collin_murrayboyles,2026-02-03T07:07:36Z
2025-26,2026,Collin Sexton,CHA,42,22.3,14.2,1.9,3.7,0.9,0.2,0.488,0.393,0.877,collin_sexton,2026-02-03T07:07:36Z
2025-26,2026,Cooper Flagg,DAL,45,34.0,19.8,6.6,4.1,1.2,0.8,0.484,0.289,0.796,cooper_flagg,2026-02-03T07:07:36Z
2025-26,2026,Corey Kispert,ATL,30,19.5,9.3,2.2,1.6,0.5,0.1,0.473,0.379,0.788,corey_kispert,2026-02-03T07:07:36Z
2025-26,2026,Craig Porter Jr.,CLE,45,17.8,4.8,3.5,3.2,1.0,0.6,0.463,0.385,0.552,craig_porter,2026-02-03T07:07:36Z
2025-26,2026,D'Angelo Russell,DAL,26,19.0,10.2,2.3,4.0,0.5,0.1,0.405,0.295,0.717,dangelo_russell,2026-02-03T07:07:36Z
2025-26,2026,Daniel Gafford,DAL,33,21.0,8.0,6.4,0.9,0.7,1.2,0.626,0.0,0.769,daniel_gafford,2026-02-03T07:07:36Z
2025-26,2026,Daniss Jenkins,DET,40,16.8,8.0,1.8,3.4,0.9,0.2,0.426,0.388,0.791,daniss_jenkins,2026-02-03T07:07:36Z
2025-26,2026,Danny Wolf,BKN,34,19.9,7.8,4.5,1.9,0.6,0.4,0.389,0.319,0.804,danny_wolf,2026-02-03T07:07:36Z
2025-26,2026,Darius Garland,CLE,26,30.5,18.0,2.4,6.9,0.8,0.1,0.451,0.36,0.861,darius_garland,2026-02-03T07:07:36Z
2025-26,2026,Davion Mitchell,MIA,41,29.0,9.1,2.6,7.2,1.2,0.1,0.473,0.408,0.651,davion_mitchell,2026-02-03T07:07:36Z
2025-26,2026,Day'Ron Sharpe,BKN,46,18.2,8.0,6.5,2.2,1.0,0.4,0.603,0.226,0.677,dayron_sharpe,2026-02-03T07:07:36Z
2025-26,2026,De'Aaron Fox,SAS,40,32.5,19.8,4.1,6.2,1.2,0.3,0.479,0.353,0.788,deaaron_fox,2026-02-03T07:07:36Z
2025-26,2026,De'Andre Hunter,SAC,43,26.2,14.0,4.2,2.1,0.7,0.1,0.423,0.308,0.869,deandre_hunter,2026-02-03T07:07:36Z
2025-26,2026,De'Anthony Melton,GSW,23,21.2,11.7,2.8,2.1,1.5,0.5,0.43,0.301,0.81,deanthony_melton,2026-02-03T07:07:36Z
2025-26,2026,DeMar DeRozan,SAC,51,33.1,19.2,3.2,3.9,1.2,0.2,0.506,0.343,0.866,demar_derozan,2026-02-03T07:07:36Z
2025-26,2026,Dean Wade,CLE,42,22.9,5.8,4.2,1.5,0.8,0.4,0.417,0.34,0.75,dean_wade,2026-02-03T07:07:36Z
2025-26,2026,Deandre Ayton,LAL,43,28.4,13.6,8.5,0.9,0.7,1.0,0.675,0.0,0.667,deandre_ayton,2026-02-03T07:07:36Z
2025-26,2026,Deni Avdija,POR,44,34.6,25.5,7.2,6.7,0.8,0.6,0.467,0.356,0.8,deni_avdija,2026-02-03T07:07:36Z
2025-26,2026,Dennis Schröder,CLE,40,26.4,12.8,3.1,5.3,0.8,0.2,0.408,0.343,0.82,dennis_schroder,2026-02-03T07:07:36Z
2025-26,2026,Dereck Lively II,DAL,7,16.5,4.3,5.3,1.9,0.6,1.6,0.611,0.0,0.8,dereck_lively,2026-02-03T07:07:36Z
2025-26,2026,Derik Queen,NOP,51,25.9,12.3,7.4,4.3,1.1,0.9,0.488,0.217,0.794,derik_queen,2026-02-03T07:07:36Z
2025-26,2026,Derrick Jones Jr.,LAC,17,24.2,10.4,2.6,1.2,0.8,1.1,0.556,0.4,0.774,derrick_jones,2026-02-03T07:07:36Z
2025-26,2026,Derrick White,BOS,47,34.0,17.2,4.6,5.4,1.3,1.4,0.392,0.324,0.891,derrick_white,2026-02-03T07:07:36Z
2025-26,2026,Desmond Bane,ORL,48,34.2,19.4,4.4,4.3,0.8,0.5,0.465,0.362,0.936,desmond_bane,2026-02-03T07:07:36Z
2025-26,2026,Devin Booker,PHX,41,34.0,25.4,4.0,6.2,0.9,0.3,0.456,0.313,0.864,devin_booker,2026-02-03T07:07:36Z
2025-26,2026,Devin Vassell,SAS,36,31.3,14.6,3.8,2.3,0.9,0.4,0.425,0.369,0.836,devin_vassell,2026-02-03T07:07:36Z
2025-26,2026,Dillon Brooks,PHX,44,31.0,21.1,3.6,1.8,1.1,0.2,0.446,0.36,0.855,dillon_brooks,2026-02-03T07:07:36Z
2025-26,2026,Domantas Sabonis,SAC,18,30.0,15.4,11.2,4.2,0.9,0.2,0.542,0.185,0.712,domantas_sabonis,2026-02-03T07:07:36Z
2025-26,2026,Dominick Barlow,PHI,39,24.0,8.3,5.1,1.3,0.9,0.6,0.561,0.273,0.794,dominick_barlow,2026-02-03T07:07:36Z
2025-26,2026,Donovan Clingan,POR,46,27.3,11.1,11.1,2.0,0.5,1.3,0.518,0.299,0.667,donovan_clingan,2026-02-03T07:07:36Z
2025-26,2026,Donovan Mitchell,CLE,47,33.9,28.8,4.6,5.8,1.5,0.2,0.483,0.382,0.842,donovan_mitchell,2026-02-03T07:07:36Z
2025-26,2026,Donte DiVincenzo,MIN,51,31.5,13.4,4.5,4.2,1.4,0.5,0.419,0.388,0.759,donte_divincenzo,2026-02-03T07:07:36Z
2025-26,2026,Dorian Finney-Smith,HOU,17,15.5,2.9,2.5,0.6,0.4,0.2,0.309,0.256,1.0,dorian_finneysmith,2026-02-03T07:07:36Z
2025-26,2026,Drake Powell,BKN,37,19.3,6.2,1.6,1.6,0.6,0.1,0.442,0.308,0.913,drake_powell,2026-02-03T07:07:36Z
2025-26,2026,Draymond Green,GSW,41,26.6,8.4,5.7,5.3,0.9,0.7,0.416,0.321,0.7,draymond_green,2026-02-03T07:07:36Z
2025-26,2026,Dru Smith,MIA,50,17.4,6.5,2.6,2.8,1.5,0.3,0.415,0.318,0.839,dru_smith,2026-02-03T07:07:36Z
2025-26,2026,Duncan Robinson,DET,46,28.5,11.8,2.7,1.8,0.7,0.3,0.431,0.393,0.734,duncan_robinson,2026-02-03T07:07:36Z
2025-26,2026,Dylan Cardwell,SAC,24,19.8,4.7,6.9,1.1,0.7,1.7,0.6,0.0,0.531,dylan_cardwell,2026-02-03T07:07:36Z
2025-26,2026,Dylan Harper,SAS,39,21.4,10.7,3.3,3.5,0.9,0.3,0.454,0.248,0.737,dylan_harper,2026-02-03T07:07:36Z
2025-26,2026,Dyson Daniels,ATL,49,34.0,11.6,6.7,6.3,1.9,0.4,0.499,0.127,0.619,dyson_daniels,2026-02-03T07:07:36Z
2025-26,2026,Egor Dëmin,BKN,42,24.6,10.5,3.1,3.4,0.8,0.3,0.403,0.395,0.857,egor_demin,2026-02-03T07:07:36Z
2025-26,2026,Ethan Thompson,IND,20,15.3,4.2,1.8,1.3,0.5,0.3,0.358,0.286,0.667,ethan_thompson,2026-02-03T07:07:36Z
2025-26,2026,Evan Mobley,CLE,42,33.4,17.9,8.8,4.0,0.9,2.0,0.512,0.304,0.635,evan_mobley,2026-02-03T07:07:36Z
2025-26,2026,Franz Wagner,ORL,26,32.8,22.2,6.1,3.6,1.1,0.3,0.482,0.368,0.826,franz_wagner,2026-02-03T07:07:36Z
2025-26,2026,GG Jackson,MEM,28,17.1,8.1,3.3,1.0,0.6,0.6,0.473,0.268,0.725,gg_jackson,2026-02-03T07:07:36Z
2025-26,2026,Gabe Vincent,LAL,28,19.4,4.9,0.9,1.3,0.4,0.0,0.354,0.376,0.909,gabe_vincent,2026-02-03T07:07:36Z
2025-26,2026,Gary Trent Jr.,MIL,43,24.1,8.3,1.2,1.5,0.6,0.1,0.373,0.354,0.795,gary_trent,2026-02-03T07:07:36Z
2025-26,2026,Giannis Antetokounmpo,MIL,30,29.2,28.0,10.0,5.6,0.9,0.7,0.645,0.395,0.658,giannis_antetokounmpo,2026-02-03T07:07:36Z
2025-26,2026,Goga Bitadze,ORL,41,16.2,5.9,5.1,1.2,0.7,1.2,0.68,0.2,0.731,goga_bitadze,2026-02-03T07:07:36Z
2025-26,2026,Gradey Dick,TOR,51,16.2,6.5,2.2,0.7,0.6,0.1,0.42,0.313,0.862,gradey_dick,2026-02-03T07:07:36Z
2025-26,2026,Grant Williams,CHA,10,17.7,5.8,4.0,1.1,0.5,0.2,0.358,0.263,0.769,grant_williams,2026-02-03T07:07:36Z
2025-26,2026,Grayson Allen,PHX,33,30.0,16.7,3.0,4.0,1.5,0.3,0.414,0.362,0.838,grayson_allen,2026-02-03T07:07:36Z
2025-26,2026,Harrison Barnes,SAS,49,28.0,10.5,2.9,2.1,0.7,0.1,0.437,0.365,0.859,harrison_barnes,2026-02-03T07:07:36Z
2025-26,2026,Herbert Jones,NOP,29,28.5,9.3,3.6,2.5,1.6,0.5,0.398,0.32,0.806,herbert_jones,2026-02-03T07:07:36Z
2025-26,2026,Hugo González,BOS,44,15.3,4.0,3.4,0.6,0.6,0.3,0.49,0.368,0.5,hugo_gonzalez,2026-02-03T07:07:36Z
2025-26,2026,Immanuel Quickley,TOR,48,32.5,16.8,4.5,6.1,1.3,0.1,0.439,0.37,0.805,immanuel_quickley,2026-02-03T07:07:36Z
2025-26,2026,Isaac Okoro,CHI,42,25.3,8.7,2.7,1.5,0.5,0.5,0.476,0.346,0.754,isaac_okoro,2026-02-03T07:07:36Z
2025-26,2026,Isaiah Collier,UTA,42,23.8,9.5,2.5,6.7,0.8,0.3,0.512,0.306,0.683,isaiah_collier,2026-02-03T07:07:36Z
2025-26,2026,Isaiah Hartenstein,OKC,26,26.3,10.9,10.0,2.8,1.1,0.7,0.637,0.0,0.667,isaiah_hartenstein,2026-02-03T07:07:36Z
2025-26,2026,Isaiah Jackson,IND,37,16.6,6.3,5.4,0.8,0.7,0.8,0.579,0.0,0.706,isaiah_jackson,2026-02-03T07:07:36Z
2025-26,2026,Isaiah Joe,OKC,41,20.2,9.6,2.5,1.4,0.5,0.2,0.431,0.395,0.864,isaiah_joe,2026-02-03T07:07:36Z
2025-26,2026,Isaiah Stewart,DET,44,23.4,10.2,5.4,1.2,0.3,1.8,0.538,0.327,0.745,isaiah_stewart,2026-02-03T07:07:36Z
2025-26,2026,Ivica Zubac,LAC,43,30.9,14.4,11.0,2.2,0.4,0.8,0.613,0.0,0.705,ivica_zubac,2026-02-03T07:07:36Z
2025-26,2026,Ja Morant,MEM,20,28.4,19.5,3.3,8.1,1.0,0.3,0.41,0.235,0.897,ja_morant,2026-02-03T07:07:36Z
2025-26,2026,Ja'Kobe Walter,TOR,41,17.9,6.2,2.1,0.9,0.9,0.1,0.426,0.346,0.8,jakobe_walter,2026-02-03T07:07:36Z
2025-26,2026,Jabari Smith Jr.,HOU,47,34.9,15.1,6.9,1.9,0.8,1.0,0.433,0.354,0.764,jabari_smith,2026-02-03T07:07:36Z
2025-26,2026,Jaden Ivey,DET,33,16.8,8.2,2.2,1.6,0.5,0.4,0.45,0.372,0.789,jaden_ivey,2026-02-03T07:07:36Z
2025-26,2026,Jaden McDaniels,MIN,49,32.2,15.2,4.4,2.9,1.0,0.9,0.519,0.456,0.851,jaden_mcdaniels,2026-02-03T07:07:36Z
2025-26,2026,Jaime Jaquez Jr.,MIA,46,28.8,15.4,5.3,4.7,0.8,0.2,0.519,0.286,0.752,jaime_jaquez,2026-02-03T07:07:36Z
2025-26,2026,Jake LaRavia,LAL,48,27.3,9.2,4.2,2.0,1.4,0.5,0.454,0.327,0.753,jake_laravia,2026-02-03T07:07:36Z
2025-26,2026,Jakob Poeltl,TOR,21,25.3,9.7,7.7,2.1,0.8,0.5,0.693,0.0,0.596,jakob_poeltl,2026-02-03T07:07:36Z
2025-26,2026,Jalen Brunson,NYK,44,34.4,27.2,3.2,6.1,0.7,0.1,0.472,0.383,0.853,jalen_brunson,2026-02-03T07:07:36Z
2025-26,2026,Jalen Duren,DET,41,28.2,18.0,10.7,1.8,0.9,0.8,0.635,0.0,0.726,jalen_duren,2026-02-03T07:07:36Z
2025-26,2026,Jalen Johnson,ATL,46,35.6,23.1,10.5,8.0,1.3,0.5,0.499,0.36,0.78,jalen_johnson,2026-02-03T07:07:36Z
2025-26,2026,Jalen Pickett,DEN,35,18.6,5.9,2.9,2.8,0.4,0.1,0.434,0.392,0.909,jalen_pickett,2026-02-03T07:07:36Z
2025-26,2026,Jalen Smith,CHI,41,20.1,10.0,6.9,1.3,0.4,0.8,0.481,0.38,0.712,jalen_smith,2026-02-03T07:07:36Z
2025-26,2026,Jalen Suggs,ORL,28,26.1,14.1,3.8,5.0,1.8,0.5,0.437,0.307,0.857,jalen_suggs,2026-02-03T07:07:36Z
2025-26,2026,Jalen Williams,OKC,24,29.6,16.8,4.8,5.6,1.3,0.4,0.47,0.3,0.833,jalen_williams,2026-02-03T07:07:36Z
2025-26,2026,Jamal Murray,DEN,45,35.5,25.5,4.4,7.5,1.0,0.4,0.487,0.439,0.879,jamal_murray,2026-02-03T07:07:36Z
2025-26,2026,Jamal Shead,TOR,51,22.3,7.0,1.9,5.5,1.0,0.1,0.37,0.33,0.767,jamal_shead,2026-02-03T07:07:36Z
2025-26,2026,Jamaree Bouyea,PHX,24,15.3,7.3,2.0,1.7,0.7,0.4,0.521,0.347,0.667,jamaree_bouyea,2026-02-03T07:07:36Z
2025-26,2026,James Harden,LAC,44,35.4,25.4,4.8,8.1,1.3,0.4,0.419,0.347,0.901,james_harden,2026-02-03T07:07:36Z
2025-26,2026,Jamir Watkins,WAS,23,15.6,3.8,3.6,0.7,0.8,0.4,0.39,0.233,0.773,jamir_watkins,2026-02-03T07:07:36Z
2025-26,2026,Jarace Walker,IND,50,23.5,9.9,4.3,1.9,0.8,0.3,0.395,0.372,0.778,jarace_walker,2026-02-03T07:07:36Z
2025-26,2026,Jared McCain,PHI,36,17.0,6.8,2.1,1.7,0.6,0.1,0.389,0.385,0.88,jared_mccain,2026-02-03T07:07:36Z
2025-26,2026,Jaren Jackson Jr.,MEM,45,30.7,19.2,5.8,1.9,1.0,1.5,0.475,0.359,0.797,jaren_jackson,2026-02-03T07:07:36Z
2025-26,2026,Jarred Vanderbilt,LAL,39,19.4,4.9,5.0,1.3,0.9,0.3,0.465,0.303,0.649,jarred_vanderbilt,2026-02-03T07:07:36Z
2025-26,2026,Jarrett Allen,CLE,39,27.1,14.0,8.0,2.0,1.0,0.9,0.605,0.111,0.755,jarrett_allen,2026-02-03T07:07:36Z
2025-26,2026,Javonte Green,DET,48,18.8,7.1,2.8,0.7,1.3,0.3,0.449,0.366,0.792,javonte_green,2026-02-03T07:07:36Z
2025-26,2026,Jaxson Hayes,LAL,40,17.4,6.4,3.9,0.8,0.4,0.7,0.77,1.0,0.643,jaxson_hayes,2026-02-03T07:07:36Z
2025-26,2026,Jay Huff,IND,50,19.4,8.5,3.8,1.2,0.5,2.0,0.467,0.319,0.824,jay_huff,2026-02-03T07:07:36Z
2025-26,2026,Jaylen Brown,BOS,45,34.3,29.4,6.9,4.8,1.0,0.4,0.485,0.362,0.776,jaylen_brown,2026-02-03T07:07:36Z
2025-26,2026,Jaylen Wells,MEM,48,26.9,11.9,3.5,1.7,0.9,0.1,0.406,0.328,0.778,jaylen_wells,2026-02-03T07:07:36Z
2025-26,2026,Jaylin Williams,OKC,35,18.8,5.6,4.7,2.5,0.7,0.6,0.356,0.307,0.744,jaylin_williams,2026-02-03T07:07:36Z
2025-26,2026,Jaylon Tyson,CLE,46,27.9,14.0,5.5,2.4,0.9,0.4,0.516,0.473,0.767,jaylon_tyson,2026-02-03T07:07:36Z
2025-26,2026,Jerami Grant,POR,34,28.9,18.6,3.6,2.4,0.7,0.7,0.428,0.366,0.835,jerami_grant,2026-02-03T07:07:36Z
2025-26,2026,Jeremiah Fears,NOP,52,25.5,13.3,3.6,2.9,1.3,0.3,0.43,0.319,0.814,jeremiah_fears,2026-02-03T07:07:36Z
2025-26,2026,Jeremiah Robinson-Earl,DAL,22,16.4,4.6,4.7,0.7,0.4,0.0,0.37,0.244,0.944,jeremiah_robinsonearl,2026-02-03T07:07:36Z
2025-26,2026,Jimmy Butler III,GSW,38,31.1,20.0,5.6,4.9,1.4,0.2,0.519,0.376,0.864,jimmy_butler,2026-02-03T07:07:36Z
2025-26,2026,Jock Landale,MEM,45,23.6,11.3,6.5,1.7,0.6,0.5,0.514,0.38,0.674,jock_landale,2026-02-03T07:07:36Z
2025-26,2026,Joel Embiid,PHI,29,31.0,26.1,7.4,3.8,0.7,1.1,0.488,0.301,0.854,joel_embiid,2026-02-03T07:07:36Z
2025-26,2026,John Collins,LAC,46,27.6,13.5,5.0,1.0,0.8,0.8,0.557,0.429,0.771,john_collins,2026-02-03T07:07:36Z
2025-26,2026,Johnny Furphy,IND,32,17.7,5.0,4.3,0.9,0.6,0.2,0.466,0.339,0.515,johnny_furphy,2026-02-03T07:07:36Z
2025-26,2026,Jonathan Kuminga,GSW,20,23.8,12.1,5.9,2.5,0.4,0.3,0.454,0.321,0.742,jonathan_kuminga,2026-02-03T07:07:36Z
2025-26,2026,Jordan Clarkson,NYK,45,19.2,9.3,1.8,1.3,0.5,0.1,0.422,0.328,0.778,jordan_clarkson,2026-02-03T07:07:36Z
2025-26,2026,Jordan Goodwin,PHX,47,21.8,8.6,4.8,2.3,1.4,0.2,0.403,0.353,0.735,jordan_goodwin,2026-02-03T07:07:36Z
2025-26,2026,Jordan Miller,LAC,28,19.3,9.6,3.3,1.5,0.8,0.2,0.544,0.379,0.789,jordan_miller,2026-02-03T07:07:36Z
2025-26,2026,Jordan Poole,NOP,28,25.4,14.5,1.8,3.1,0.7,0.3,0.37,0.336,0.876,jordan_poole,2026-02-03T07:07:36Z
2025-26,2026,Jordan Walsh,BOS,44,18.6,5.7,4.4,0.9,0.8,0.5,0.525,0.392,0.762,jordan_walsh,2026-02-03T07:07:36Z
2025-26,2026,Jose Alvarado,NOP,40,22.0,7.9,2.7,3.2,0.9,0.1,0.415,0.356,0.833,jose_alvarado,2026-02-03T07:07:36Z
2025-26,2026,Josh Giddey,CHI,34,32.1,18.6,8.6,8.8,0.9,0.3,0.462,0.366,0.775,josh_giddey,2026-02-03T07:07:36Z
2025-26,2026,Josh Green,CHA,27,15.7,4.2,2.0,1.0,0.5,0.1,0.429,0.394,0.818,josh_green,2026-02-03T07:07:36Z
2025-26,2026,Josh Hart,NYK,38,30.8,12.5,7.6,5.1,1.3,0.3,0.507,0.407,0.743,josh_hart,2026-02-03T07:07:36Z
2025-26,2026,Josh Minott,BOS,32,16.2,6.0,3.6,1.0,0.8,0.3,0.511,0.447,0.769,josh_minott,2026-02-03T07:07:36Z
2025-26,2026,Josh Okogie,HOU,48,20.1,5.5,3.0,1.0,0.9,0.3,0.439,0.393,0.627,josh_okogie,2026-02-03T07:07:36Z
2025-26,2026,Jrue Holiday,POR,21,28.1,14.3,4.5,6.7,1.3,0.1,0.43,0.353,0.757,jrue_holiday,2026-02-03T07:07:36Z
2025-26,2026,Julian Champagnie,SAS,49,28.6,11.6,6.1,1.4,0.8,0.4,0.426,0.375,0.844,julian_champagnie,2026-02-03T07:07:36Z
2025-26,2026,Julius Randle,MIN,51,33.4,22.2,6.9,5.4,1.2,0.2,0.491,0.331,0.824,julius_randle,2026-02-03T07:07:36Z
2025-26,2026,Justin Champagnie,WAS,45,19.1,7.3,5.6,1.1,0.8,0.6,0.51,0.311,0.719,justin_champagnie,2026-02-03T07:07:36Z
2025-26,2026,Jusuf Nurkić,UTA,38,26.5,11.2,10.2,4.9,1.3,0.5,0.501,0.358,0.561,jusuf_nurkic,2026-02-03T07:07:36Z
2025-26,2026,KJ Simpson,CHA,14,15.9,6.0,2.1,2.5,1.1,0.0,0.348,0.308,0.625,kj_simpson,2026-02-03T07:07:36Z
2025-26,2026,Karl-Anthony Towns,NYK,46,31.6,19.8,11.8,2.9,0.9,0.7,0.461,0.359,0.855,karlanthony_towns,2026-02-03T07:07:36Z
2025-26,2026,Kasparas Jakučionis,MIA,25,15.8,4.2,2.3,2.3,0.6,0.0,0.337,0.397,0.857,kasparas_jakucionis,2026-02-03T07:07:36Z
2025-26,2026,Kawhi Leonard,LAC,36,32.9,27.6,6.1,3.6,2.1,0.6,0.497,0.391,0.913,kawhi_leonard,2026-02-03T07:07:36Z
2025-26,2026,Keegan Murray,SAC,19,35.9,14.6,6.1,1.5,1.2,1.6,0.429,0.272,0.789,keegan_murray,2026-02-03T07:07:36Z
2025-26,2026,Kel'el Ware,MIA,47,22.6,11.4,9.3,0.6,0.8,1.1,0.539,0.41,0.806,kelel_ware,2026-02-03T07:07:36Z
2025-26,2026,Keldon Johnson,SAS,49,24.0,13.4,6.0,1.4,0.7,0.1,0.55,0.388,0.785,keldon_johnson,2026-02-03T07:07:36Z
2025-26,2026,Kelly Oubre Jr.,PHI,27,32.1,14.2,4.6,1.4,1.1,0.6,0.493,0.375,0.729,kelly_oubre,2026-02-03T07:07:36Z
2025-26,2026,Kenrich Williams,OKC,30,15.7,6.3,3.1,1.6,0.6,0.1,0.5,0.347,0.625,kenrich_williams,2026-02-03T07:07:36Z
2025-26,2026,Kentavious Caldwell-Pope,MEM,47,21.0,8.1,2.4,2.8,0.8,0.2,0.407,0.317,0.913,kentavious_caldwellpope,2026-02-03T07:07:36Z
2025-26,2026,Keon Ellis,CLE,43,17.6,5.6,1.3,0.6,1.1,0.5,0.397,0.368,0.625,keon_ellis,2026-02-03T07:07:36Z
2025-26,2026,Kevin Durant,HOU,45,36.8,26.2,5.4,4.6,0.7,0.9,0.51,0.405,0.886,kevin_durant,2026-02-03T07:07:36Z
2025-26,2026,Kevin Huerter,CHI,44,23.6,10.9,3.8,2.6,0.8,0.6,0.455,0.314,0.732,kevin_huerter,2026-02-03T07:07:36Z
2025-26,2026,Kevin Love,UTA,27,17.5,6.8,5.8,1.8,0.3,0.3,0.387,0.346,0.818,kevin_love,2026-02-03T07:07:36Z
2025-26,2026,Kevin Porter Jr.,MIL,23,33.6,16.8,5.0,7.4,2.1,0.4,0.443,0.358,0.845,kevin_porter,2026-02-03T07:07:36Z
2025-26,2026,Keyonte George,UTA,47,34.4,24.2,4.0,6.6,1.1,0.3,0.459,0.377,0.893,keyonte_george,2026-02-03T07:07:36Z
2025-26,2026,Khris Middleton,WAS,33,24.4,10.3,4.0,3.3,0.8,0.3,0.433,0.326,0.841,khris_middleton,2026-02-03T07:07:36Z
2025-26,2026,Klay Thompson,DAL,45,22.2,11.8,2.5,1.4,0.5,0.3,0.389,0.38,0.697,klay_thompson,2026-02-03T07:07:36Z
2025-26,2026,Kobe Sanders,LAC,41,21.6,7.2,2.5,1.6,0.6,0.1,0.46,0.398,0.829,kobe_sanders,2026-02-03T07:07:36Z
2025-26,2026,Kon Knueppel,CHA,50,32.0,18.7,5.5,3.6,0.7,0.2,0.482,0.425,0.892,kon_knueppel,2026-02-03T07:07:36Z
2025-26,2026,Kris Dunn,LAC,49,27.3,7.8,2.9,3.2,1.5,0.2,0.472,0.357,0.8,kris_dunn,2026-02-03T07:07:36Z
2025-26,2026,Kris Murray,POR,34,25.7,6.1,4.0,1.2,1.2,0.4,0.446,0.256,0.738,kris_murray,2026-02-03T07:07:36Z
2025-26,2026,Kristaps Porziņģis,ATL,17,24.3,17.1,5.1,2.7,0.5,1.3,0.457,0.36,0.84,kristaps_porzingis,2026-02-03T07:07:36Z
2025-26,2026,Kyle Anderson,UTA,20,20.1,7.1,3.3,3.1,1.2,0.5,0.523,0.6,0.658,kyle_anderson,2026-02-03T07:07:36Z
2025-26,2026,Kyle Filipowski,UTA,49,22.0,9.4,6.2,2.0,0.7,0.4,0.482,0.331,0.692,kyle_filipowski,2026-02-03T07:07:36Z
2025-26,2026,Kyle Kuzma,MIL,45,26.7,12.8,4.8,2.4,0.6,0.5,0.488,0.318,0.733,kyle_kuzma,2026-02-03T07:07:36Z
2025-26,2026,Kyshawn George,WAS,39,31.0,15.5,5.7,5.0,1.1,0.9,0.446,0.378,0.779,kyshawn_george,2026-02-03T07:07:36Z
2025-26,2026,LaMelo Ball,CHA,41,27.4,19.1,4.9,7.5,1.1,0.2,0.406,0.363,0.888,lamelo_ball,2026-02-03T07:07:36Z
2025-26,2026,Landry Shamet,NYK,24,20.5,9.3,1.9,1.3,0.5,0.2,0.449,0.435,0.75,landry_shamet,2026-02-03T07:07:36Z
2025-26,2026,Lauri Markkanen,UTA,36,35.8,27.4,7.1,2.2,1.1,0.6,0.476,0.359,0.889,lauri_markkanen,2026-02-03T07:07:36Z
2025-26,2026,LeBron James,LAL,31,33.1,21.9,5.8,6.6,1.1,0.6,0.505,0.329,0.737,lebron_james,2026-02-03T07:07:36Z
2025-26,2026,Lonzo Ball,CLE,35,20.8,4.6,4.0,3.9,1.3,0.3,0.301,0.272,0.667,lonzo_ball,2026-02-03T07:07:36Z
2025-26,2026,Luguentz Dort,OKC,40,27.7,8.6,3.9,1.2,0.9,0.5,0.39,0.35,0.833,luguentz_dort,2026-02-03T07:07:36Z
2025-26,2026,Luka Dončić,LAL,40,36.2,33.6,8.0,8.8,1.5,0.5,0.476,0.348,0.78,luka_doncic,2026-02-03T07:07:36Z
2025-26,2026,Luka Garza,BOS,40,16.6,7.7,4.3,1.1,0.4,0.5,0.586,0.441,0.8,luka_garza,2026-02-03T07:07:36Z
2025-26,2026,Luke Kennard,ATL,45,20.5,7.8,2.1,2.1,0.7,0.1,0.534,0.49,0.914,luke_kennard,2026-02-03T07:07:36Z
2025-26,2026,Luke Kornet,SAS,40,23.7,7.6,6.7,2.0,0.5,1.3,0.657,0.0,0.793,luke_kornet,2026-02-03T07:07:36Z
2025-26,2026,Malik Monk,SAC,41,22.3,12.2,2.1,2.5,0.7,0.4,0.436,0.415,0.871,malik_monk,2026-02-03T07:07:36Z
2025-26,2026,Marcus Smart,LAL,39,28.5,9.7,3.0,2.8,1.3,0.3,0.401,0.326,0.857,marcus_smart,2026-02-03T07:07:36Z
2025-26,2026,Mark Williams,PHX,45,24.0,12.0,8.0,1.1,1.0,1.0,0.653,1.0,0.78,mark_williams,2026-02-03T07:07:36Z
2025-26,2026,Marvin Bagley III,WAS,37,19.3,10.1,5.7,1.5,0.5,0.7,0.628,0.421,0.71,marvin_bagley,2026-02-03T07:07:36Z
2025-26,2026,Matas Buzelis,CHI,50,28.0,14.8,5.4,2.0,0.7,1.4,0.472,0.361,0.783,matas_buzelis,2026-02-03T07:07:36Z
2025-26,2026,Max Christie,DAL,45,29.5,13.2,3.4,2.2,0.5,0.4,0.471,0.442,0.864,max_christie,2026-02-03T07:07:36Z
2025-26,2026,Maxime Raynaud,SAC,43,23.1,9.6,6.5,1.0,0.4,0.5,0.547,0.306,0.729,maxime_raynaud,2026-02-03T07:07:36Z
2025-26,2026,Micah Peavy,NOP,43,15.7,4.6,2.1,1.1,0.7,0.1,0.386,0.25,0.733,micah_peavy,2026-02-03T07:07:36Z
2025-26,2026,Micah Potter,IND,18,17.2,6.7,3.8,1.4,0.4,0.3,0.429,0.357,0.906,micah_potter,2026-02-03T07:07:36Z
2025-26,2026,Michael Porter Jr.,BKN,38,33.1,25.6,7.3,3.2,1.1,0.3,0.482,0.398,0.851,michael_porter,2026-02-03T07:07:36Z
2025-26,2026,Mikal Bridges,NYK,49,34.5,15.7,4.2,4.1,1.5,0.8,0.5,0.389,0.815,mikal_bridges,2026-02-03T07:07:36Z
2025-26,2026,Mike Conley,MIN,44,18.5,4.4,1.8,2.9,0.6,0.3,0.322,0.321,0.891,mike_conley,2026-02-03T07:07:36Z
2025-26,2026,Miles Bridges,CHA,50,32.4,18.3,6.1,3.5,0.5,0.5,0.447,0.33,0.836,miles_bridges,2026-02-03T07:07:36Z
2025-26,2026,Miles McBride,NYK,35,28.0,12.9,2.6,2.8,0.9,0.2,0.434,0.42,0.814,miles_mcbride,2026-02-03T07:07:36Z
2025-26,2026,Mitchell Robinson,NYK,35,19.8,4.7,9.1,1.0,0.9,1.1,0.673,0.0,0.382,mitchell_robinson,2026-02-03T07:07:36Z
2025-26,2026,Moses Moody,GSW,48,24.5,11.2,3.2,1.5,0.9,0.6,0.433,0.404,0.759,moses_moody,2026-02-03T07:07:36Z
2025-26,2026,Mouhamed Gueye,ATL,49,16.4,4.9,3.6,1.0,0.8,0.6,0.436,0.267,0.625,mouhamed_gueye,2026-02-03T07:07:36Z
2025-26,2026,Moussa Diabaté,CHA,47,25.1,8.4,8.5,1.5,0.7,1.0,0.64,1.0,0.656,moussa_diabate,2026-02-03T07:07:36Z
2025-26,2026,Myles Turner,MIL,45,28.7,12.8,5.5,1.6,0.7,1.6,0.433,0.388,0.778,myles_turner,2026-02-03T07:07:36Z
2025-26,2026,Nae'Qwan Tomlin,CLE,40,17.1,6.6,3.2,0.9,0.8,0.6,0.491,0.215,0.735,naeqwan_tomlin,2026-02-03T07:07:36Z
2025-26,2026,Naji Marshall,DAL,48,29.3,14.6,5.0,2.9,1.0,0.1,0.538,0.304,0.772,naji_marshall,2026-02-03T07:07:36Z
2025-26,2026,Naz Reid,MIN,51,26.4,14.6,6.4,2.5,1.0,0.9,0.473,0.393,0.756,naz_reid,2026-02-03T07:07:36Z
2025-26,2026,Neemias Queta,BOS,46,25.1,10.1,8.1,1.5,0.9,1.3,0.635,0.0,0.657,neemias_queta,2026-02-03T07:07:36Z
2025-26,2026,Nic Claxton,BKN,46,29.4,12.2,7.4,4.0,0.8,1.4,0.575,0.167,0.628,nic_claxton,2026-02-03T07:07:36Z
2025-26,2026,Nickeil Alexander-Walker,ATL,49,33.0,20.3,3.5,3.4,1.1,0.6,0.439,0.384,0.875,nickeil_alexanderwalker,2026-02-03T07:07:36Z
2025-26,2026,Nicolas Batum,LAC,48,20.0,4.5,2.7,0.8,0.8,0.4,0.392,0.39,0.818,nicolas_batum,2026-02-03T07:07:36Z
2025-26,2026,Nikola Jokić,DEN,34,34.1,29.3,12.0,10.7,1.4,0.7,0.609,0.44,0.846,nikola_jokic,2026-02-03T07:07:36Z
2025-26,2026,Nikola Jović,MIA,39,18.8,8.2,3.7,2.5,0.6,0.4,0.374,0.284,0.699,nikola_jovic,2026-02-03T07:07:36Z
2025-26,2026,Nikola Vučević,CHI,48,30.8,16.9,9.0,3.8,0.7,0.6,0.505,0.376,0.838,nikola_vucevic,2026-02-03T07:07:36Z
2025-26,2026,Nique Clifford,SAC,47,19.8,5.7,3.0,1.3,0.6,0.3,0.396,0.306,0.682,nique_clifford,2026-02-03T07:07:36Z
2025-26,2026,Noah Clowney,BKN,43,28.8,13.1,4.3,1.9,0.8,0.8,0.388,0.319,0.802,noah_clowney,2026-02-03T07:07:36Z
2025-26,2026,Nolan Traore,BKN,26,19.3,6.0,1.3,2.8,0.4,0.4,0.353,0.31,0.793,nolan_traore,2026-02-03T07:07:36Z
2025-26,2026,Norman Powell,MIA,43,30.7,23.0,3.6,2.6,1.2,0.2,0.472,0.392,0.844,norman_powell,2026-02-03T07:07:36Z
2025-26,2026,OG Anunoby,NYK,39,32.8,16.4,5.5,2.3,1.8,0.7,0.48,0.363,0.797,og_anunoby,2026-02-03T07:07:36Z
2025-26,2026,Ochai Agbaji,TOR,42,15.5,4.3,2.3,0.7,0.4,0.3,0.424,0.185,0.862,ochai_agbaji,2026-02-03T07:07:36Z
2025-26,2026,Onyeka Okongwu,ATL,47,32.0,16.3,7.9,3.3,1.2,1.0,0.482,0.367,0.781,onyeka_okongwu,2026-02-03T07:07:36Z
2025-26,2026,Oso Ighodaro,PHX,50,20.0,5.4,4.5,1.7,0.9,0.6,0.618,0.0,0.493,oso_ighodaro,2026-02-03T07:07:36Z
2025-26,2026,P.J. Washington,DAL,36,30.9,14.2,7.2,1.9,1.0,1.4,0.447,0.301,0.664,pj_washington,2026-02-03T07:07:36Z
2025-26,2026,Paolo Banchero,ORL,38,34.4,21.7,8.8,4.9,0.7,0.6,0.462,0.302,0.763,paolo_banchero,2026-02-03T07:07:36Z
2025-26,2026,Pascal Siakam,IND,48,33.9,23.8,6.8,4.0,1.1,0.5,0.485,0.381,0.69,pascal_siakam,2026-02-03T07:07:36Z
2025-26,2026,Patrick Williams,CHI,46,18.6,6.5,3.0,1.1,0.6,0.3,0.378,0.383,0.702,patrick_williams,2026-02-03T07:07:36Z
2025-26,2026,Paul George,PHI,27,30.5,16.0,5.1,3.7,1.5,0.5,0.424,0.382,0.855,paul_george,2026-02-03T07:07:36Z
2025-26,2026,Payton Pritchard,BOS,48,32.6,16.8,4.3,5.3,0.8,0.1,0.456,0.352,0.859,payton_pritchard,2026-02-03T07:07:36Z
2025-26,2026,Pelle Larsson,MIA,43,23.9,10.3,3.3,3.3,0.7,0.2,0.492,0.341,0.759,pelle_larsson,2026-02-03T07:07:36Z
2025-26,2026,Peyton Watson,DEN,47,30.4,15.0,4.9,2.0,1.0,1.1,0.504,0.428,0.724,peyton_watson,2026-02-03T07:07:36Z
2025-26,2026,Precious Achiuwa,SAC,44,20.7,7.3,5.6,1.2,0.8,0.5,0.5,0.314,0.529,precious_achiuwa,2026-02-03T07:07:36Z
2025-26,2026,Quentin Grimes,PHI,45,30.1,13.1,3.8,3.7,1.0,0.4,0.438,0.344,0.861,quentin_grimes,2026-02-03T07:07:36Z
2025-26,2026,Quenton Jackson,IND,23,15.2,7.1,1.9,1.8,0.6,0.2,0.438,0.362,0.774,quenton_jackson,2026-02-03T07:07:36Z
2025-26,2026,Quinten Post,GSW,50,17.8,8.0,4.0,1.3,0.5,0.5,0.434,0.345,0.833,quinten_post,2026-02-03T07:07:36Z
2025-26,2026,RJ Barrett,TOR,28,29.4,18.8,5.2,3.6,0.8,0.2,0.484,0.333,0.705,rj_barrett,2026-02-03T07:07:36Z
2025-26,2026,Reed Sheppard,HOU,48,24.6,12.6,2.5,3.0,1.4,0.6,0.426,0.384,0.778,reed_sheppard,2026-02-03T07:07:36Z
2025-26,2026,Robert Williams III,POR,34,16.3,6.0,6.5,1.0,0.6,1.4,0.742,0.25,0.75,robert_williams,2026-02-03T07:07:36Z
2025-26,2026,Ronald Holland II,DET,46,20.8,8.2,4.2,1.4,1.4,0.3,0.413,0.236,0.791,ronald_holland,2026-02-03T07:07:36Z
2025-26,2026,Royce O'Neale,PHX,50,29.4,10.2,4.8,3.0,1.2,0.3,0.422,0.404,0.731,royce_oneale,2026-02-03T07:07:36Z
2025-26,2026,Rudy Gobert,MIN,49,31.3,10.7,11.3,1.7,0.7,1.7,0.703,0.0,0.5,rudy_gobert,2026-02-03T07:07:36Z
2025-26,2026,Rui Hachimura,LAL,38,29.8,12.1,3.5,0.9,0.5,0.3,0.5,0.43,0.723,rui_hachimura,2026-02-03T07:07:36Z
2025-26,2026,Russell Westbrook,SAC,48,29.6,15.4,6.0,6.7,1.4,0.2,0.432,0.35,0.703,russell_westbrook,2026-02-03T07:07:36Z
2025-26,2026,Ryan Dunn,PHX,43,20.1,6.1,4.3,1.6,1.0,0.4,0.436,0.308,0.643,ryan_dunn,2026-02-03T07:07:36Z
2025-26,2026,Ryan Kalkbrenner,CHA,39,23.4,8.6,6.1,0.7,0.5,1.5,0.772,0.0,0.671,ryan_kalkbrenner,2026-02-03T07:07:36Z
2025-26,2026,Ryan Nembhard,DAL,36,19.0,6.8,1.8,4.9,0.3,0.0,0.44,0.373,0.769,ryan_nembhard,2026-02-03T07:07:36Z
2025-26,2026,Ryan Rollins,MIL,47,31.7,16.5,4.6,5.5,1.6,0.4,0.466,0.403,0.755,ryan_rollins,2026-02-03T07:07:36Z
2025-26,2026,Saddiq Bey,NOP,45,30.3,16.3,5.8,2.4,1.0,0.0,0.446,0.343,0.836,saddiq_bey,2026-02-03T07:07:36Z
2025-26,2026,Sam Hauser,BOS,48,23.8,9.1,3.8,1.4,0.6,0.3,0.411,0.394,0.917,sam_hauser,2026-02-03T07:07:36Z
2025-26,2026,Sam Merrill,CLE,27,25.6,13.6,2.3,2.4,0.6,0.1,0.471,0.459,0.868,sam_merrill,2026-02-03T07:07:36Z
2025-26,2026,Sandro Mamukelashvili,TOR,49,22.5,11.2,5.1,2.0,0.7,0.6,0.527,0.374,0.75,sandro_mamukelashvili,2026-02-03T07:07:36Z
2025-26,2026,Santi Aldama,MEM,42,28.0,14.0,6.7,3.0,0.9,0.7,0.481,0.351,0.673,santi_aldama,2026-02-03T07:07:36Z
2025-26,2026,Scottie Barnes,TOR,50,34.5,19.3,8.3,5.5,1.3,1.6,0.499,0.306,0.816,scottie_barnes,2026-02-03T07:07:36Z
2025-26,2026,Shaedon Sharpe,POR,46,30.3,21.8,4.5,2.7,1.5,0.1,0.457,0.344,0.778,shaedon_sharpe,2026-02-03T07:07:36Z
2025-26,2026,Shai Gilgeous-Alexander,OKC,48,33.4,32.0,4.4,6.4,1.3,0.8,0.558,0.391,0.893,shai_gilgeousalexander,2026-02-03T07:07:36Z
2025-26,2026,Sidy Cissoko,POR,45,21.9,6.4,2.3,1.4,0.7,0.3,0.406,0.333,0.69,sidy_cissoko,2026-02-03T07:07:36Z
2025-26,2026,Simone Fontecchio,MIA,48,17.0,8.5,3.2,1.5,0.5,0.1,0.4,0.372,0.797,simone_fontecchio,2026-02-03T07:07:36Z
2025-26,2026,Sion James,CHA,51,24.2,5.7,3.5,1.9,0.5,0.3,0.374,0.345,0.855,sion_james,2026-02-03T07:07:36Z
2025-26,2026,Spencer Jones,DEN,45,23.9,6.1,3.1,0.8,0.9,0.4,0.513,0.421,0.622,spencer_jones,2026-02-03T07:07:36Z
2025-26,2026,Stephen Curry,GSW,39,31.3,27.2,3.5,4.8,1.1,0.4,0.468,0.391,0.931,stephen_curry,2026-02-03T07:07:36Z
2025-26,2026,Stephon Castle,SAS,39,31.1,16.6,5.0,7.0,1.3,0.3,0.451,0.284,0.72,stephon_castle,2026-02-03T07:07:36Z
2025-26,2026,Steven Adams,HOU,32,22.8,5.8,8.6,1.5,0.7,0.6,0.504,0.0,0.58,steven_adams,2026-02-03T07:07:36Z
2025-26,2026,Svi Mykhailiuk,UTA,42,24.1,8.6,2.5,2.0,0.5,0.1,0.46,0.376,0.92,svi_mykhailiuk,2026-02-03T07:07:36Z
2025-26,2026,T.J. McConnell,IND,37,17.1,9.5,2.2,4.8,1.2,0.2,0.526,0.324,0.933,tj_mcconnell,2026-02-03T07:07:36Z
2025-26,2026,Tari Eason,HOU,27,24.5,12.0,6.3,1.4,1.3,0.6,0.462,0.479,0.633,tari_eason,2026-02-03T07:07:36Z
2025-26,2026,Taurean Prince,MIL,8,21.1,6.1,1.6,1.0,0.8,0.3,0.447,0.429,1.0,taurean_prince,2026-02-03T07:07:36Z
2025-26,2026,Terance Mann,BKN,43,25.4,7.6,3.3,3.4,0.7,0.2,0.451,0.339,0.823,terance_mann,2026-02-03T07:07:36Z
2025-26,2026,Tidjane Salaün,CHA,31,16.0,6.4,4.4,0.8,0.4,0.2,0.518,0.443,0.7,tidjane_salaun,2026-02-03T07:07:36Z
2025-26,2026,Tim Hardaway Jr.,DEN,49,27.2,13.9,2.6,1.4,0.5,0.2,0.445,0.403,0.891,tim_hardaway,2026-02-03T07:07:36Z
2025-26,2026,Tobias Harris,DET,33,27.5,13.6,4.6,2.5,0.9,0.2,0.464,0.349,0.878,tobias_harris,2026-02-03T07:07:36Z
2025-26,2026,Toumani Camara,POR,50,33.7,12.9,5.2,2.6,1.0,0.5,0.43,0.353,0.705,toumani_camara,2026-02-03T07:07:36Z
2025-26,2026,Trae Young,WAS,10,28.0,19.3,1.5,8.9,1.0,0.1,0.415,0.305,0.863,trae_young,2026-02-03T07:07:36Z
2025-26,2026,Tre Johnson,WAS,39,25.1,12.9,2.7,2.2,0.6,0.3,0.444,0.393,0.891,tre_johnson,2026-02-03T07:07:36Z
2025-26,2026,Tre Jones,CHI,38,26.9,12.4,3.0,5.8,1.3,0.2,0.55,0.328,0.848,tre_jones,2026-02-03T07:07:36Z
2025-26,2026,Tre Mann,CHA,30,16.3,7.5,2.3,2.2,0.5,0.1,0.374,0.328,0.842,tre_mann,2026-02-03T07:07:36Z
2025-26,2026,Trendon Watford,PHI,27,15.2,5.7,3.2,2.6,0.3,0.2,0.5,0.391,0.722,trendon_watford,2026-02-03T07:07:36Z
2025-26,2026,Trey Murphy III,NOP,48,35.8,21.6,5.8,3.6,1.5,0.3,0.471,0.36,0.892,trey_murphy,2026-02-03T07:07:36Z
2025-26,2026,Tristan da Silva,ORL,43,22.6,9.1,3.4,1.2,0.9,0.2,0.438,0.374,0.842,tristan_da_silva,2026-02-03T07:07:36Z
2025-26,2026,Tyler Herro,MIA,11,31.7,21.9,4.7,2.7,1.0,0.5,0.497,0.358,0.902,tyler_herro,2026-02-03T07:07:36Z
2025-26,2026,Tyrese Martin,BKN,37,18.8,7.3,2.9,1.9,0.6,0.1,0.392,0.336,0.731,tyrese_martin,2026-02-03T07:07:36Z
2025-26,2026,Tyrese Maxey,PHI,47,39.0,29.2,4.2,6.9,2.0,0.9,0.472,0.392,0.886,tyrese_maxey,2026-02-03T07:07:36Z
2025-26,2026,Tyus Jones,ORL,47,15.9,3.1,1.1,2.5,0.7,0.1,0.344,0.297,1.0,tyus_jones,2026-02-03T07:07:36Z
2025-26,2026,VJ Edgecombe,PHI,45,35.5,14.9,5.3,4.2,1.5,0.5,0.423,0.362,0.776,vj_edgecombe,2026-02-03T07:07:36Z
2025-26,2026,Victor Wembanyama,SAS,35,28.9,24.1,11.0,2.7,0.9,2.7,0.504,0.355,0.827,victor_wembanyama,2026-02-03T07:07:36Z
2025-26,2026,Vince Williams Jr.,MEM,34,21.6,8.0,4.0,4.4,0.8,0.4,0.352,0.308,0.804,vince_williams,2026-02-03T07:07:36Z
2025-26,2026,Vít Krejčí,POR,46,22.3,9.0,2.1,1.5,0.8,0.3,0.464,0.423,0.75,vit_krejci,2026-02-03T07:07:36Z
2025-26,2026,Walker Kessler,UTA,5,30.8,14.4,10.8,3.0,1.4,1.8,0.703,0.75,0.7,walker_kessler,2026-02-03T07:07:36Z
2025-26,2026,Walter Clayton Jr.,UTA,45,18.0,6.8,2.0,3.2,0.5,0.3,0.398,0.308,0.935,walter_clayton,2026-02-03T07:07:36Z
2025-26,2026,Wendell Carter Jr.,ORL,46,29.9,12.1,7.3,2.1,0.7,0.7,0.503,0.346,0.778,wendell_carter,2026-02-03T07:07:36Z
2025-26,2026,Will Richard,GSW,45,19.4,6.9,2.5,1.4,1.2,0.1,0.477,0.354,0.814,will_richard,2026-02-03T07:07:36Z
2025-26,2026,Yves Missi,NOP,44,19.1,5.6,5.7,1.2,0.3,1.4,0.54,0.0,0.559,yves_missi,2026-02-03T07:07:36Z
2025-26,2026,Zaccharie Risacher,ATL,37,24.5,11.1,3.3,1.4,0.9,0.5,0.464,0.36,0.642,zaccharie_risacher,2026-02-03T07:07:36Z
2025-26,2026,Zach Collins,CHI,10,18.4,9.7,5.6,1.5,0.2,0.4,0.578,0.429,0.7,zach_collins,2026-02-03T07:07:36Z
2025-26,2026,Zach Edey,MEM,11,25.8,13.6,11.1,1.1,0.6,1.9,0.633,0.2,0.781,zach_edey,2026-02-03T07:07:36Z
2025-26,2026,Zach LaVine,SAC,37,32.0,19.8,2.8,2.3,0.7,0.2,0.483,0.395,0.875,zach_lavine,2026-02-03T07:07:36Z
2025-26,2026,Ziaire Williams,BKN,34,22.9,9.5,2.5,0.7,1.1,0.5,0.402,0.305,0.88,ziaire_williams,2026-02-03T07:07:36Z
2025-26,2026,Zion Williamson,NOP,36,29.4,21.4,6.3,3.4,1.0,0.7,0.577,0.0,0.701,zion_williamson,2026-02-03T07:07:36Z
