season,season_end_year,player_name,team,games_played,minutes_played,pts,trb,ast,stl,blk,fg_pct,fg3_pct,ft_pct,player_key,last_updated_utc,team_name_lookup,team_win_pct,team_conf_rank,team_conference,ridge_pred_vote_share,mvp_score,mvp_rank,mvp_tier
2025-26,2026,Nikola Jokić,DEN,32,34.6,29.6,12.2,11.0,1.4,0.8,0.605,0.435,0.853,nikola_jokic,2026-01-24T02:19:06Z,Nuggets,0.667,3,West,0.5869921083973962,0.9344746162927982,1,Top 3
2025-26,2026,Shai Gilgeous-Alexander,OKC,43,33.3,32.0,4.4,6.3,1.3,0.8,0.555,0.399,0.891,shai_gilgeousalexander,2026-01-24T02:19:06Z,Thunder,0.822,1,West,0.331617809924574,0.8667363964446614,2,Top 3
2025-26,2026,Cade Cunningham,DET,36,35.5,25.7,5.9,9.8,1.4,0.8,0.452,0.327,0.824,cade_cunningham,2026-01-24T02:19:06Z,Pistons,0.762,1,East,0.218040358175916,0.787632837609361,3,Top 3
2025-26,2026,Luka Dončić,LAL,35,36.4,33.4,7.8,8.7,1.6,0.5,0.465,0.333,0.785,luka_doncic,2026-01-24T02:19:06Z,Lakers,0.605,6,West,0.38437384164720784,0.7868165910036053,4,Top 5
2025-26,2026,Victor Wembanyama,SAS,31,28.8,24.5,10.9,2.9,0.8,2.6,0.51,0.389,0.846,victor_wembanyama,2026-01-24T02:19:06Z,Spurs,0.689,2,West,0.23004084148781753,0.7626200380237208,5,Top 5
2025-26,2026,Jaylen Brown,BOS,40,34.1,29.8,6.7,4.8,1.0,0.4,0.488,0.364,0.791,jaylen_brown,2026-01-24T02:19:06Z,Celtics,0.628,2,East,0.1749818545582245,0.7137229654587777,6,6-10
2025-26,2026,Tyrese Maxey,PHI,41,39.5,30.1,4.3,6.8,2.1,1.0,0.471,0.391,0.88,tyrese_maxey,2026-01-24T02:19:06Z,76ers,0.558,5,East,0.23294105623879555,0.699399119084564,7,6-10
2025-26,2026,Jamal Murray,DEN,41,35.4,26.0,4.3,7.3,1.0,0.3,0.49,0.448,0.892,jamal_murray,2026-01-24T02:19:06Z,Nuggets,0.667,3,West,0.12881256066856198,0.6953798523684724,8,6-10
2025-26,2026,Jalen Duren,DET,35,28.4,17.8,10.9,1.8,0.9,0.9,0.63,0.0,0.717,jalen_duren,2026-01-24T02:19:06Z,Pistons,0.762,1,East,0.027038689324238942,0.687961215098896,9,6-10
2025-26,2026,Chet Holmgren,OKC,39,29.1,17.8,8.4,1.6,0.6,2.0,0.572,0.38,0.765,chet_holmgren,2026-01-24T02:19:06Z,Thunder,0.822,1,West,-0.026109572354566103,0.6800612285126394,10,6-10
2025-26,2026,Alperen Sengun,HOU,35,34.3,21.3,9.2,6.4,1.5,1.0,0.507,0.303,0.693,alperen_sengun,2026-01-24T02:19:06Z,Rockets,0.619,4,West,0.10283311178288454,0.6588122046530647,11,Outside
2025-26,2026,Donovan Mitchell,CLE,41,34.1,28.9,4.8,5.7,1.5,0.2,0.483,0.382,0.84,donovan_mitchell,2026-01-24T02:19:06Z,Cavaliers,0.556,6,East,0.16803757047854068,0.6577261038175931,12,Outside
2025-26,2026,Giannis Antetokounmpo,MIL,29,29.1,28.2,9.9,5.6,0.9,0.8,0.647,0.395,0.645,giannis_antetokounmpo,2026-01-24T02:19:06Z,Bucks,0.419,11,East,0.30807453087744624,0.6497989446313938,13,Outside
2025-26,2026,Kevin Durant,HOU,40,36.8,26.1,5.4,4.6,0.7,1.0,0.514,0.404,0.887,kevin_durant,2026-01-24T02:19:06Z,Rockets,0.619,4,West,0.08491316535346223,0.6494609243911724,14,Outside
2025-26,2026,Scottie Barnes,TOR,45,34.6,19.8,8.2,5.6,1.4,1.3,0.504,0.319,0.828,scottie_barnes,2026-01-24T02:19:06Z,Raptors,0.587,4,East,0.09606145778481241,0.6446999967388121,15,Outside
2025-26,2026,Karl-Anthony Towns,NYK,41,32.0,20.8,11.5,3.0,0.9,0.7,0.469,0.363,0.86,karlanthony_towns,2026-01-24T02:19:06Z,Knicks,0.591,3,East,0.0743491377803219,0.6418348891105273,16,Outside
2025-26,2026,Jalen Brunson,NYK,39,34.4,27.9,3.2,6.1,0.7,0.1,0.478,0.379,0.852,jalen_brunson,2026-01-24T02:19:06Z,Knicks,0.591,3,East,0.07049846515675277,0.6398254679863286,17,Outside
2025-26,2026,Anthony Edwards,MIN,36,35.2,29.6,5.1,3.7,1.3,0.8,0.495,0.406,0.795,anthony_edwards,2026-01-24T02:19:06Z,Timberwolves,0.6,7,West,0.11118558393376451,0.6354612654541641,18,Outside
2025-26,2026,Austin Reaves,LAL,23,35.3,26.6,5.2,6.3,1.0,0.2,0.507,0.365,0.873,austin_reaves,2026-01-24T02:19:06Z,Lakers,0.605,6,West,0.0833883321902334,0.6297513974894486,19,Outside
2025-26,2026,Isaiah Hartenstein,OKC,24,26.9,11.2,10.4,3.0,1.1,0.8,0.644,0.0,0.649,isaiah_hartenstein,2026-01-24T02:19:06Z,Thunder,0.822,1,West,-0.1235614128992209,0.6292073112557192,20,Outside
2025-26,2026,Jalen Williams,OKC,24,29.6,16.8,4.8,5.6,1.3,0.4,0.47,0.3,0.833,jalen_williams,2026-01-24T02:19:06Z,Thunder,0.822,1,West,-0.12470948331752227,0.6286082063262369,21,Outside
2025-26,2026,Jalen Johnson,ATL,42,35.5,23.2,10.3,8.0,1.2,0.5,0.511,0.358,0.788,jalen_johnson,2026-01-24T02:19:06Z,Hawks,0.457,10,East,0.22959775373423272,0.6285517466883721,22,Outside
2025-26,2026,Devin Booker,PHX,40,34.1,25.3,4.0,6.3,0.9,0.3,0.453,0.302,0.863,devin_booker,2026-01-24T02:19:06Z,Suns,0.614,5,West,0.05055788464003846,0.6227373388140256,23,Outside
2025-26,2026,De'Aaron Fox,SAS,36,32.5,20.5,4.2,5.9,1.3,0.3,0.479,0.355,0.797,deaaron_fox,2026-01-24T02:19:06Z,Spurs,0.689,2,West,-0.050710957447929396,0.6161135310864018,24,Outside
2025-26,2026,Deni Avdija,POR,42,34.9,26.0,7.1,6.9,0.8,0.6,0.471,0.356,0.807,deni_avdija,2026-01-24T02:19:06Z,Trail Blazers,0.511,9,West,0.1561111057787396,0.6151978359747728,25,Outside
2025-26,2026,Julius Randle,MIN,45,33.6,22.6,7.0,5.4,1.1,0.2,0.494,0.34,0.811,julius_randle,2026-01-24T02:19:06Z,Timberwolves,0.6,7,West,0.06426930391158733,0.6109786429719646,26,Outside
2025-26,2026,Ajay Mitchell,OKC,43,26.2,14.1,3.5,3.7,1.4,0.3,0.487,0.35,0.87,ajay_mitchell,2026-01-24T02:19:06Z,Thunder,0.822,1,West,-0.16781629324253267,0.6061135039903507,27,Outside
2025-26,2026,LeBron James,LAL,26,33.3,22.5,6.0,6.9,1.1,0.7,0.508,0.331,0.742,lebron_james,2026-01-24T02:19:06Z,Lakers,0.605,6,West,0.03761072534613434,0.6058629761147604,28,Outside
2025-26,2026,Stephen Curry,GSW,36,31.7,27.4,3.7,4.9,1.1,0.4,0.47,0.392,0.928,stephen_curry,2026-01-24T02:19:06Z,Warriors,0.543,8,West,0.10201854839761339,0.6046917403181743,29,Outside
2025-26,2026,Joel Embiid,PHI,24,30.3,24.5,7.3,3.6,0.6,1.1,0.479,0.263,0.862,joel_embiid,2026-01-24T02:19:06Z,76ers,0.558,5,East,0.05133548347567591,0.6046307214937618,30,Outside
2025-26,2026,Kawhi Leonard,LAC,31,33.5,28.1,6.2,3.5,2.2,0.6,0.497,0.4,0.942,kawhi_leonard,2026-01-24T02:19:06Z,Clippers,0.455,10,West,0.18352210754746037,0.6038466405124329,31,Outside
2025-26,2026,Amen Thompson,HOU,42,37.3,18.5,7.7,5.2,1.4,0.5,0.515,0.195,0.792,amen_thompson,2026-01-24T02:19:06Z,Rockets,0.619,4,West,-0.02710774091761324,0.5910043383819619,32,Outside
2025-26,2026,Stephon Castle,SAS,36,31.0,16.9,5.0,7.1,1.3,0.3,0.451,0.282,0.721,stephon_castle,2026-01-24T02:19:06Z,Spurs,0.689,2,West,-0.10210114379837162,0.5892962614496566,33,Outside
2025-26,2026,James Harden,LAC,41,35.7,25.8,4.8,8.1,1.3,0.3,0.419,0.342,0.899,james_harden,2026-01-24T02:19:06Z,Clippers,0.455,10,West,0.1354880707705045,0.5787807318736743,34,Outside
2025-26,2026,Brandon Ingram,TOR,44,34.0,21.8,5.9,3.8,0.8,0.8,0.471,0.365,0.838,brandon_ingram,2026-01-24T02:19:06Z,Raptors,0.587,4,East,-0.03066991877011572,0.5785669519326777,35,Outside
2025-26,2026,Derrick White,BOS,42,34.1,17.6,4.6,5.4,1.3,1.5,0.391,0.323,0.886,derrick_white,2026-01-24T02:19:06Z,Celtics,0.628,2,East,-0.09202842624084329,0.5743872828219697,36,Outside
2025-26,2026,Josh Giddey,CHI,31,32.6,19.3,8.8,8.9,1.0,0.4,0.468,0.378,0.762,josh_giddey,2026-01-24T02:19:06Z,Bulls,0.5,9,East,0.08219216464722826,0.5729878784995269,37,Outside
2025-26,2026,Jimmy Butler III,GSW,38,31.1,20.0,5.6,4.9,1.4,0.2,0.519,0.376,0.864,jimmy_butler,2026-01-24T02:19:06Z,Warriors,0.543,8,West,0.005125593353886376,0.5541294698568552,38,Outside
2025-26,2026,Evan Mobley,CLE,39,33.3,17.7,8.7,4.1,1.0,1.9,0.516,0.317,0.637,evan_mobley,2026-01-24T02:19:06Z,Cavaliers,0.556,6,East,-0.0419157366444321,0.5481648266926528,39,Outside
2025-26,2026,Mark Williams,PHX,39,24.0,12.2,8.3,1.0,1.1,1.0,0.659,1.0,0.784,mark_williams,2026-01-24T02:19:06Z,Suns,0.614,5,West,-0.09320698439032532,0.5477155976825998,40,Outside
2025-26,2026,Paolo Banchero,ORL,33,33.8,21.0,8.7,5.0,0.7,0.7,0.453,0.276,0.76,paolo_banchero,2026-01-24T02:19:06Z,Magic,0.535,7,East,-0.017380879775665006,0.5468830020751273,41,Outside
2025-26,2026,Luke Kornet,SAS,36,24.3,8.2,6.8,2.0,0.4,1.3,0.667,0.0,0.821,luke_kornet,2026-01-24T02:19:06Z,Spurs,0.689,2,West,-0.19357501841244465,0.5415618643895785,42,Outside
2025-26,2026,Payton Pritchard,BOS,42,32.7,16.5,4.4,5.4,0.9,0.1,0.447,0.337,0.867,payton_pritchard,2026-01-24T02:19:06Z,Celtics,0.628,2,East,-0.1574981995027258,0.5402227722936798,43,Outside
2025-26,2026,Keldon Johnson,SAS,45,24.0,13.4,6.0,1.3,0.7,0.1,0.556,0.406,0.788,keldon_johnson,2026-01-24T02:19:06Z,Spurs,0.689,2,West,-0.20034621759518206,0.5380284062112154,44,Outside
2025-26,2026,Neemias Queta,BOS,41,24.9,10.4,8.2,1.3,0.9,1.3,0.657,0.0,0.65,neemias_queta,2026-01-24T02:19:06Z,Celtics,0.628,2,East,-0.16207328203037286,0.537835327715884,45,Outside
2025-26,2026,Aaron Gordon,DEN,22,28.5,17.9,6.2,2.5,0.6,0.2,0.511,0.398,0.788,aaron_gordon,2026-01-24T02:19:06Z,Nuggets,0.667,3,West,-0.19028401653471472,0.5288636445332173,46,Outside
2025-26,2026,Isaiah Stewart,DET,38,23.5,10.1,5.6,1.2,0.3,2.0,0.527,0.355,0.74,isaiah_stewart,2026-01-24T02:19:06Z,Pistons,0.762,1,East,-0.27817112724297216,0.5286916243865831,47,Outside
2025-26,2026,Ausar Thompson,DET,38,26.0,10.9,5.9,2.6,1.7,0.8,0.508,0.263,0.567,ausar_thompson,2026-01-24T02:19:06Z,Pistons,0.762,1,East,-0.28213443384812664,0.5266234267513626,48,Outside
2025-26,2026,Immanuel Quickley,TOR,43,32.5,16.9,4.2,6.3,1.2,0.1,0.435,0.359,0.814,immanuel_quickley,2026-01-24T02:19:06Z,Raptors,0.587,4,East,-0.1315625927506739,0.5259174825562047,49,Outside
2025-26,2026,Mikal Bridges,NYK,44,34.7,15.8,4.5,4.2,1.6,0.9,0.504,0.399,0.787,mikal_bridges,2026-01-24T02:19:06Z,Knicks,0.591,3,East,-0.15114594961186004,0.5241633453819158,50,Outside
2025-26,2026,Franz Wagner,ORL,26,32.8,22.2,6.1,3.6,1.1,0.3,0.482,0.368,0.826,franz_wagner,2026-01-24T02:19:06Z,Magic,0.535,7,East,-0.06651735383003485,0.5212418015406671,51,Outside
2025-26,2026,Tobias Harris,DET,27,27.5,13.6,4.7,2.5,0.7,0.3,0.461,0.336,0.857,tobias_harris,2026-01-24T02:19:06Z,Pistons,0.762,1,East,-0.2960773457821256,0.5193475078374741,52,Outside
2025-26,2026,Josh Hart,NYK,33,30.3,12.0,7.7,5.1,1.2,0.3,0.498,0.4,0.789,josh_hart,2026-01-24T02:19:06Z,Knicks,0.591,3,East,-0.16759021925814646,0.5155821269742498,53,Outside
2025-26,2026,Rudy Gobert,MIN,43,31.7,11.0,11.3,1.8,0.7,1.7,0.716,0.0,0.506,rudy_gobert,2026-01-24T02:19:06Z,Timberwolves,0.6,7,West,-0.12349505673577386,0.5129963657076982,54,Outside
2025-26,2026,Peyton Watson,DEN,43,29.9,14.5,5.1,1.9,1.1,1.1,0.508,0.421,0.742,peyton_watson,2026-01-24T02:19:06Z,Nuggets,0.667,3,West,-0.2234726129824677,0.511544626973421,55,Outside
2025-26,2026,Deandre Ayton,LAL,38,28.8,13.7,8.7,0.8,0.7,1.0,0.681,0.0,0.636,deandre_ayton,2026-01-24T02:19:06Z,Lakers,0.605,6,West,-0.14783913035300142,0.5090884917712841,56,Outside
2025-26,2026,Nikola Vučević,CHI,43,30.7,16.8,9.1,3.8,0.7,0.6,0.504,0.373,0.81,nikola_vucevic,2026-01-24T02:19:06Z,Bulls,0.5,9,East,-0.04169802724573268,0.508337467257867,57,Outside
2025-26,2026,Norman Powell,MIA,39,30.9,23.5,3.6,2.6,1.2,0.2,0.484,0.406,0.845,norman_powell,2026-01-24T02:19:06Z,Heat,0.511,8,East,-0.06605016974963196,0.5064088537570923,58,Outside
2025-26,2026,Desmond Bane,ORL,43,33.8,18.9,4.5,4.5,0.8,0.5,0.452,0.34,0.931,desmond_bane,2026-01-24T02:19:06Z,Magic,0.535,7,East,-0.10079317863636184,0.5033554286525642,59,Outside
2025-26,2026,Collin Gillespie,PHX,44,28.1,13.4,4.1,4.8,1.4,0.3,0.443,0.422,0.845,collin_gillespie,2026-01-24T02:19:06Z,Suns,0.614,5,West,-0.18401266165898833,0.5003298903170915,60,Outside
2025-26,2026,Bam Adebayo,MIA,37,30.9,17.6,9.6,2.8,1.0,0.8,0.45,0.35,0.776,bam_adebayo,2026-01-24T02:19:06Z,Heat,0.511,8,East,-0.08087691452262362,0.49867171869980526,61,Outside
2025-26,2026,Jarrett Allen,CLE,33,27.0,13.5,7.9,2.0,0.9,0.8,0.592,0.143,0.762,jarrett_allen,2026-01-24T02:19:06Z,Cavaliers,0.556,6,East,-0.14096860259085503,0.4964754361101114,62,Outside
2025-26,2026,RJ Barrett,TOR,23,30.4,19.6,5.0,3.7,0.8,0.2,0.496,0.355,0.689,rj_barrett,2026-01-24T02:19:06Z,Raptors,0.587,4,East,-0.19035636307315676,0.4952367533417383,63,Outside
2025-26,2026,Anthony Davis,DAL,20,31.3,20.4,11.1,2.8,1.1,1.7,0.506,0.27,0.728,anthony_davis,2026-01-24T02:19:06Z,Mavericks,0.422,12,West,0.023317855164407424,0.4950514256243764,64,Outside
2025-26,2026,Naz Reid,MIN,45,26.2,14.6,6.2,2.5,0.9,0.9,0.474,0.392,0.783,naz_reid,2026-01-24T02:19:06Z,Timberwolves,0.6,7,West,-0.1589028782785597,0.49451927572231685,65,Outside
2025-26,2026,Dillon Brooks,PHX,38,30.8,20.5,3.4,1.7,1.1,0.1,0.441,0.347,0.853,dillon_brooks,2026-01-24T02:19:06Z,Suns,0.614,5,West,-0.1977464601521452,0.4931630944075347,66,Outside
2025-26,2026,Darius Garland,CLE,26,30.5,18.0,2.4,6.9,0.8,0.1,0.451,0.36,0.861,darius_garland,2026-01-24T02:19:06Z,Cavaliers,0.556,6,East,-0.1556679301081502,0.48880479201432997,67,Outside
2025-26,2026,Keyonte George,UTA,44,34.4,24.4,4.0,6.7,1.1,0.3,0.459,0.383,0.904,keyonte_george,2026-01-24T02:19:06Z,Jazz,0.333,13,West,0.07665134843708898,0.48631843879565223,68,Outside
2025-26,2026,Shaedon Sharpe,POR,41,30.1,21.9,4.6,2.6,1.5,0.1,0.456,0.343,0.777,shaedon_sharpe,2026-01-24T02:19:06Z,Trail Blazers,0.511,9,West,-0.09255433674078711,0.4854351576316282,69,Outside
2025-26,2026,Jaden McDaniels,MIN,43,32.2,15.1,4.6,2.9,1.1,1.0,0.516,0.417,0.842,jaden_mcdaniels,2026-01-24T02:19:06Z,Timberwolves,0.6,7,West,-0.1787477085404508,0.4841635210185008,70,Outside
2025-26,2026,Isaiah Joe,OKC,36,19.6,9.6,2.5,1.3,0.5,0.2,0.442,0.408,0.852,isaiah_joe,2026-01-24T02:19:06Z,Thunder,0.822,1,West,-0.40410269683210237,0.482810658708807,71,Outside
2025-26,2026,OG Anunoby,NYK,34,32.7,15.5,5.5,2.2,1.7,0.7,0.453,0.339,0.803,og_anunoby,2026-01-24T02:19:06Z,Knicks,0.591,3,East,-0.23125040057170793,0.4823619273865677,72,Outside
2025-26,2026,Aaron Wiggins,OKC,31,23.2,10.4,3.4,1.7,0.8,0.6,0.454,0.39,0.724,aaron_wiggins,2026-01-24T02:19:06Z,Thunder,0.822,1,West,-0.4052189466873729,0.4822281589072567,73,Outside
2025-26,2026,Jalen Suggs,ORL,23,25.4,15.0,3.7,4.7,1.9,0.5,0.471,0.331,0.857,jalen_suggs,2026-01-24T02:19:06Z,Magic,0.535,7,East,-0.14327283363786625,0.48118799858171657,74,Outside
2025-26,2026,Julian Champagnie,SAS,45,28.7,11.7,6.2,1.5,0.9,0.4,0.427,0.379,0.826,julian_champagnie,2026-01-24T02:19:06Z,Spurs,0.689,2,West,-0.31004933389057915,0.48078132736968177,75,Outside
2025-26,2026,LaMelo Ball,CHA,35,27.3,19.3,5.1,7.5,1.2,0.3,0.407,0.362,0.884,lamelo_ball,2026-01-24T02:19:06Z,Hornets,0.378,12,East,0.021759467277198227,0.4796927475602341,76,Outside
2025-26,2026,Devin Vassell,SAS,32,31.9,15.0,4.0,2.4,0.9,0.5,0.422,0.379,0.868,devin_vassell,2026-01-24T02:19:06Z,Spurs,0.689,2,West,-0.31260446264850994,0.4794479681872346,77,Outside
2025-26,2026,Lauri Markkanen,UTA,33,36.0,27.9,7.2,2.2,1.0,0.5,0.483,0.365,0.884,lauri_markkanen,2026-01-24T02:19:06Z,Jazz,0.333,13,West,0.05889001362605842,0.47704992784907124,78,Outside
2025-26,2026,Ronald Holland II,DET,40,20.8,8.2,4.3,1.4,1.4,0.4,0.411,0.24,0.78,ronald_holland,2026-01-24T02:19:06Z,Pistons,0.762,1,East,-0.3785013972073838,0.4763356378950123,79,Outside
2025-26,2026,Kel'el Ware,MIA,43,23.8,11.6,9.8,0.6,0.9,1.1,0.54,0.415,0.815,kelel_ware,2026-01-24T02:19:06Z,Heat,0.511,8,East,-0.1258022606968343,0.47522803796157503,80,Outside
2025-26,2026,Daniss Jenkins,DET,34,16.3,7.7,1.7,3.3,1.0,0.2,0.431,0.4,0.792,daniss_jenkins,2026-01-24T02:19:06Z,Pistons,0.762,1,East,-0.38264254342281084,0.47417463707849483,81,Outside
2025-26,2026,Alex Caruso,OKC,32,18.2,6.1,2.8,2.1,1.4,0.4,0.417,0.301,0.821,alex_caruso,2026-01-24T02:19:06Z,Thunder,0.822,1,West,-0.4228806662048295,0.47301163084646436,82,Outside
2025-26,2026,Tyler Herro,MIA,11,31.7,21.9,4.7,2.7,1.0,0.5,0.497,0.358,0.902,tyler_herro,2026-01-24T02:19:06Z,Heat,0.511,8,East,-0.130123711935683,0.47297294742144796,83,Outside
2025-26,2026,Anfernee Simons,BOS,43,24.2,13.9,2.4,2.4,0.5,0.1,0.439,0.4,0.896,anfernee_simons,2026-01-24T02:19:06Z,Celtics,0.628,2,East,-0.2894085486755557,0.4713871510814492,84,Outside
2025-26,2026,Ivica Zubac,LAC,38,31.2,14.8,11.1,2.3,0.4,0.9,0.603,0.0,0.732,ivica_zubac,2026-01-24T02:19:06Z,Clippers,0.455,10,West,-0.07145317032997482,0.4707912604265353,85,Outside
2025-26,2026,Dylan Harper,SAS,35,21.3,10.4,3.2,3.5,0.9,0.3,0.436,0.242,0.746,dylan_harper,2026-01-24T02:19:06Z,Spurs,0.689,2,West,-0.33429544506352527,0.4681288240972977,86,Outside
2025-26,2026,Grayson Allen,PHX,27,29.4,16.3,2.9,3.8,1.5,0.3,0.416,0.379,0.841,grayson_allen,2026-01-24T02:19:06Z,Suns,0.614,5,West,-0.25013701212454376,0.46582379757990927,87,Outside
2025-26,2026,Paul George,PHI,24,30.1,15.6,5.3,3.7,1.4,0.5,0.419,0.371,0.859,paul_george,2026-01-24T02:19:06Z,76ers,0.558,5,East,-0.2150375656575303,0.46562756953290735,88,Outside
2025-26,2026,Sandro Mamukelashvili,TOR,44,21.8,10.9,5.1,2.0,0.7,0.6,0.527,0.375,0.75,sandro_mamukelashvili,2026-01-24T02:19:06Z,Raptors,0.587,4,East,-0.24836765520091694,0.46496434972838285,89,Outside
2025-26,2026,Cason Wallace,OKC,43,26.5,7.3,3.0,2.1,2.1,0.2,0.411,0.356,0.75,cason_wallace,2026-01-24T02:19:06Z,Thunder,0.822,1,West,-0.4392186530023152,0.46448587469757685,90,Outside
2025-26,2026,Ja Morant,MEM,20,28.4,19.5,3.3,8.1,1.0,0.3,0.41,0.235,0.897,ja_morant,2026-01-24T02:19:06Z,Grizzlies,0.429,11,West,-0.05354132579434157,0.4644004143602003,91,Outside
2025-26,2026,Jaime Jaquez Jr.,MIA,40,28.8,15.4,5.2,4.7,0.8,0.2,0.517,0.271,0.744,jaime_jaquez,2026-01-24T02:19:06Z,Heat,0.511,8,East,-0.15533806816410417,0.45981517863883486,92,Outside
2025-26,2026,Onyeka Okongwu,ATL,44,32.0,16.1,8.0,3.3,1.2,1.0,0.481,0.364,0.775,onyeka_okongwu,2026-01-24T02:19:06Z,Hawks,0.457,10,East,-0.09392986020645426,0.45972326261136265,93,Outside
2025-26,2026,Jakob Poeltl,TOR,21,25.3,9.7,7.7,2.1,0.8,0.5,0.693,0.0,0.596,jakob_poeltl,2026-01-24T02:19:06Z,Raptors,0.587,4,East,-0.25970649589973954,0.45904732996288033,94,Outside
2025-26,2026,Luka Garza,BOS,35,16.5,7.6,4.4,0.9,0.4,0.5,0.59,0.471,0.81,luka_garza,2026-01-24T02:19:06Z,Celtics,0.628,2,East,-0.3134355307166659,0.45884899736548895,95,Outside
2025-26,2026,Duncan Robinson,DET,40,28.9,12.2,2.8,1.9,0.7,0.4,0.442,0.407,0.746,duncan_robinson,2026-01-24T02:19:06Z,Pistons,0.762,1,East,-0.4123847504438741,0.4586540709564596,96,Outside
2025-26,2026,VJ Edgecombe,PHI,39,35.9,15.6,5.4,4.2,1.5,0.5,0.429,0.368,0.766,vj_edgecombe,2026-01-24T02:19:06Z,76ers,0.558,5,East,-0.2287937444604734,0.45844909476314954,97,Outside
2025-26,2026,Luguentz Dort,OKC,35,27.0,8.6,3.7,1.1,0.9,0.6,0.403,0.347,0.88,luguentz_dort,2026-01-24T02:19:06Z,Thunder,0.822,1,West,-0.4526851072911011,0.45745858872413014,98,Outside
2025-26,2026,Reed Sheppard,HOU,42,25.0,13.0,2.5,3.2,1.4,0.5,0.442,0.414,0.745,reed_sheppard,2026-01-24T02:19:06Z,Rockets,0.619,4,West,-0.2836209712461856,0.4571463987316878,99,Outside
2025-26,2026,Javonte Green,DET,42,19.3,7.3,2.7,0.8,1.4,0.4,0.449,0.369,0.778,javonte_green,2026-01-24T02:19:06Z,Pistons,0.762,1,East,-0.4168415595967371,0.45632834573030834,100,Outside
2025-26,2026,Jabari Smith Jr.,HOU,41,34.9,15.4,6.8,1.8,0.7,0.8,0.429,0.346,0.743,jabari_smith,2026-01-24T02:19:06Z,Rockets,0.619,4,West,-0.2912690797322345,0.4531553373628339,101,Outside
2025-26,2026,Michael Porter Jr.,BKN,34,33.0,25.3,7.4,3.2,1.0,0.2,0.481,0.396,0.846,michael_porter,2026-01-24T02:19:06Z,Nets,0.286,13,East,0.040486842421278854,0.45190929322928663,102,Outside
2025-26,2026,Nickeil Alexander-Walker,ATL,44,32.9,20.5,3.6,3.5,1.1,0.6,0.444,0.379,0.871,nickeil_alexanderwalker,2026-01-24T02:19:06Z,Hawks,0.457,10,East,-0.11290332348013389,0.4498222189162998,103,Outside
2025-26,2026,Tre Jones,CHI,38,26.9,12.4,3.0,5.8,1.3,0.2,0.55,0.328,0.848,tre_jones,2026-01-24T02:19:06Z,Bulls,0.5,9,East,-0.15441347760204038,0.4495184428663306,104,Outside
2025-26,2026,Zach Edey,MEM,11,25.8,13.6,11.1,1.1,0.6,1.9,0.633,0.2,0.781,zach_edey,2026-01-24T02:19:06Z,Grizzlies,0.429,11,West,-0.08214997072371112,0.4494713821947779,105,Outside
2025-26,2026,Jrue Holiday,POR,17,29.2,15.1,4.8,7.1,1.4,0.2,0.438,0.354,0.813,jrue_holiday,2026-01-24T02:19:06Z,Trail Blazers,0.511,9,West,-0.16168474793506954,0.44936039299750113,106,Outside
2025-26,2026,Anthony Black,ORL,43,30.5,15.6,4.0,4.0,1.3,0.7,0.459,0.354,0.726,anthony_black,2026-01-24T02:19:06Z,Magic,0.535,7,East,-0.20505650978382428,0.4489470276878401,107,Outside
2025-26,2026,Tim Hardaway Jr.,DEN,44,27.2,13.7,2.3,1.4,0.5,0.2,0.446,0.394,0.896,tim_hardaway,2026-01-24T02:19:06Z,Nuggets,0.667,3,West,-0.34397718230339724,0.4486609568130888,108,Outside
2025-26,2026,Cooper Flagg,DAL,42,33.8,18.8,6.4,4.1,1.3,0.8,0.477,0.283,0.798,cooper_flagg,2026-01-24T02:19:06Z,Mavericks,0.422,12,West,-0.06644888919212569,0.44820787126545736,109,Outside
2025-26,2026,Kevin Porter Jr.,MIL,23,33.6,16.8,5.0,7.4,2.1,0.4,0.443,0.358,0.845,kevin_porter,2026-01-24T02:19:06Z,Bucks,0.419,11,East,-0.07890062192780875,0.4478612255359292,110,Outside
2025-26,2026,Jaden Ivey,DET,27,17.1,8.4,2.1,1.7,0.5,0.4,0.461,0.364,0.778,jaden_ivey,2026-01-24T02:19:06Z,Pistons,0.762,1,East,-0.4364163480811088,0.4461135086544522,111,Outside
2025-26,2026,Jaylon Tyson,CLE,40,27.5,13.5,5.5,2.1,1.0,0.5,0.515,0.455,0.746,jaylon_tyson,2026-01-24T02:19:06Z,Cavaliers,0.556,6,East,-0.23999487017155546,0.4447999255228792,112,Outside
2025-26,2026,Jaylin Williams,OKC,30,17.9,5.7,4.6,2.4,0.6,0.5,0.367,0.304,0.718,jaylin_williams,2026-01-24T02:19:06Z,Thunder,0.822,1,West,-0.47812419229670977,0.444183548286344,113,Outside
2025-26,2026,Donovan Clingan,POR,41,27.4,11.2,10.8,1.9,0.4,1.3,0.54,0.314,0.67,donovan_clingan,2026-01-24T02:19:06Z,Trail Blazers,0.511,9,West,-0.17225920387977836,0.44384225701727037,114,Outside
2025-26,2026,Harrison Barnes,SAS,45,28.2,10.7,3.0,2.1,0.7,0.2,0.432,0.358,0.87,harrison_barnes,2026-01-24T02:19:06Z,Spurs,0.689,2,West,-0.386409108696625,0.44093401768275653,115,Outside
2025-26,2026,Donte DiVincenzo,MIN,45,31.9,13.2,4.6,4.2,1.3,0.5,0.414,0.375,0.767,donte_divincenzo,2026-01-24T02:19:06Z,Timberwolves,0.6,7,West,-0.26576479136506864,0.43875484012371596,116,Outside
2025-26,2026,Andrew Wiggins,MIA,41,31.6,15.9,4.9,2.8,1.2,1.0,0.471,0.398,0.783,andrew_wiggins,2026-01-24T02:19:06Z,Heat,0.511,8,East,-0.19685495168373762,0.4381501577682933,117,Outside
2025-26,2026,Quentin Grimes,PHI,41,30.9,13.5,3.9,3.7,1.0,0.4,0.433,0.353,0.861,quentin_grimes,2026-01-24T02:19:06Z,76ers,0.558,5,East,-0.2691703984336554,0.43737908716978224,118,Outside
2025-26,2026,Goga Bitadze,ORL,39,16.7,6.0,5.2,1.3,0.8,1.2,0.688,0.2,0.731,goga_bitadze,2026-01-24T02:19:06Z,Magic,0.535,7,East,-0.22987667471602982,0.4359949622705932,119,Outside
2025-26,2026,Caris LeVert,DET,31,19.7,7.9,1.8,2.8,0.9,0.6,0.431,0.34,0.679,caris_levert,2026-01-24T02:19:06Z,Pistons,0.762,1,East,-0.45679766187233733,0.4354777973191539,120,Outside
2025-26,2026,Jerami Grant,POR,29,29.5,19.6,3.8,2.6,0.7,0.7,0.436,0.389,0.859,jerami_grant,2026-01-24T02:19:06Z,Trail Blazers,0.511,9,West,-0.1905610734309114,0.43429167536998187,121,Outside
2025-26,2026,Jordan Walsh,BOS,38,19.1,5.9,4.6,0.8,0.9,0.5,0.556,0.431,0.806,jordan_walsh,2026-01-24T02:19:06Z,Celtics,0.628,2,East,-0.3622693774792398,0.4333657187663218,122,Outside
2025-26,2026,Wendell Carter Jr.,ORL,41,30.1,12.3,7.5,2.2,0.7,0.7,0.509,0.353,0.766,wendell_carter,2026-01-24T02:19:06Z,Magic,0.535,7,East,-0.23867113835538226,0.43140569105996185,123,Outside
2025-26,2026,Walker Kessler,UTA,5,30.8,14.4,10.8,3.0,1.4,1.8,0.703,0.75,0.7,walker_kessler,2026-01-24T02:19:06Z,Jazz,0.333,13,West,-0.03594493733795008,0.4275615988197402,124,Outside
2025-26,2026,Mitchell Robinson,NYK,31,19.3,4.8,9.1,1.1,0.8,1.2,0.677,0.0,0.377,mitchell_robinson,2026-01-24T02:19:06Z,Knicks,0.591,3,East,-0.3372854789984201,0.427028964206953,125,Outside
2025-26,2026,Tari Eason,HOU,23,23.7,11.7,6.1,1.6,1.3,0.6,0.475,0.466,0.615,tari_eason,2026-01-24T02:19:06Z,Rockets,0.619,4,West,-0.3428594172657493,0.4262336215540518,126,Outside
2025-26,2026,Coby White,CHI,23,28.6,18.7,3.6,4.6,0.7,0.1,0.455,0.352,0.788,coby_white,2026-01-24T02:19:06Z,Bulls,0.5,9,East,-0.1990893729146006,0.4262049346667322,127,Outside
2025-26,2026,Robert Williams III,POR,31,16.0,6.0,6.3,1.0,0.6,1.3,0.726,0.25,0.75,robert_williams,2026-01-24T02:19:06Z,Trail Blazers,0.511,9,West,-0.20690374336356204,0.42576347539071774,128,Outside
2025-26,2026,Matas Buzelis,CHI,44,27.9,14.9,5.2,1.9,0.7,1.4,0.478,0.357,0.78,matas_buzelis,2026-01-24T02:19:06Z,Bulls,0.5,9,East,-0.20124505173426846,0.4250800230004651,129,Outside
2025-26,2026,De'Andre Hunter,CLE,40,26.5,13.9,4.4,2.2,0.7,0.2,0.422,0.306,0.877,deandre_hunter,2026-01-24T02:19:06Z,Cavaliers,0.556,6,East,-0.2786628190464769,0.4246215824398769,130,Outside
2025-26,2026,Jaren Jackson Jr.,MEM,40,30.5,18.7,5.5,1.9,0.9,1.5,0.482,0.368,0.77,jaren_jackson,2026-01-24T02:19:06Z,Grizzlies,0.429,11,West,-0.13162069600271792,0.42365575720588244,131,Outside
2025-26,2026,Jalen Pickett,DEN,30,18.4,6.1,2.9,2.8,0.4,0.1,0.442,0.422,1.0,jalen_pickett,2026-01-24T02:19:06Z,Nuggets,0.667,3,West,-0.3928348361231705,0.42316525482499245,132,Outside
2025-26,2026,Miles McBride,NYK,33,28.0,13.1,2.7,2.8,0.8,0.2,0.441,0.437,0.846,miles_mcbride,2026-01-24T02:19:06Z,Knicks,0.591,3,East,-0.34933367616251104,0.4207417764201099,133,Outside
2025-26,2026,Ryan Rollins,MIL,43,31.5,16.0,4.5,5.5,1.5,0.4,0.461,0.392,0.761,ryan_rollins,2026-01-24T02:19:06Z,Bucks,0.419,11,East,-0.13727939326550873,0.41739705789604054,134,Outside
2025-26,2026,Kon Knueppel,CHA,44,32.2,19.0,5.5,3.5,0.7,0.2,0.482,0.423,0.9,kon_knueppel,2026-01-24T02:19:06Z,Hornets,0.378,12,East,-0.09820489386945386,0.4170909776866762,135,Outside
2025-26,2026,Sam Hauser,BOS,42,23.1,8.9,3.7,1.4,0.6,0.3,0.414,0.403,0.9,sam_hauser,2026-01-24T02:19:06Z,Celtics,0.628,2,East,-0.39437575732574615,0.41661144121745064,136,Outside
2025-26,2026,Kristaps Porziņģis,ATL,17,24.3,17.1,5.1,2.7,0.5,1.3,0.457,0.36,0.84,kristaps_porzingis,2026-01-24T02:19:06Z,Hawks,0.457,10,East,-0.17820983277938884,0.4157429054658699,137,Outside
2025-26,2026,Ayo Dosunmu,CHI,38,26.0,14.4,2.7,3.6,0.7,0.3,0.511,0.459,0.857,ayo_dosunmu,2026-01-24T02:19:06Z,Bulls,0.5,9,East,-0.22044593204146637,0.41506030482023387,138,Outside
2025-26,2026,Jaxson Hayes,LAL,35,17.6,6.3,4.0,0.8,0.3,0.6,0.769,1.0,0.625,jaxson_hayes,2026-01-24T02:19:06Z,Lakers,0.605,6,West,-0.33213047301962434,0.4129185616934553,139,Outside
2025-26,2026,Dyson Daniels,ATL,44,34.1,11.6,6.7,6.2,1.9,0.5,0.496,0.109,0.622,dyson_daniels,2026-01-24T02:19:06Z,Hawks,0.457,10,East,-0.18368007376030282,0.4128883346269401,140,Outside
2025-26,2026,Bruce Brown,DEN,45,24.3,7.0,4.1,2.2,1.0,0.2,0.449,0.317,0.767,bruce_brown,2026-01-24T02:19:06Z,Nuggets,0.667,3,West,-0.4142101852507776,0.41201081967222575,141,Outside
2025-26,2026,Cameron Johnson,DEN,28,30.6,11.7,3.6,2.4,0.6,0.3,0.461,0.429,0.81,cameron_johnson,2026-01-24T02:19:06Z,Nuggets,0.667,3,West,-0.41564370487396624,0.41126275695841386,142,Outside
2025-26,2026,Collin Murray-Boyles,TOR,37,21.5,7.8,5.1,2.0,0.9,0.7,0.536,0.349,0.642,collin_murrayboyles,2026-01-24T02:19:06Z,Raptors,0.587,4,East,-0.35253402586109567,0.41060654627490095,143,Outside
2025-26,2026,Jordan Goodwin,PHX,41,21.6,9.0,4.7,2.2,1.4,0.2,0.407,0.35,0.735,jordan_goodwin,2026-01-24T02:19:06Z,Suns,0.614,5,West,-0.3570714010086989,0.41002154147226494,144,Outside
2025-26,2026,Brandin Podziemski,GSW,46,26.8,12.2,4.4,3.4,1.1,0.2,0.463,0.393,0.736,brandin_podziemski,2026-01-24T02:19:06Z,Warriors,0.543,8,West,-0.2716715769443334,0.4096866320754049,145,Outside
2025-26,2026,Andre Drummond,PHI,35,20.0,7.1,9.0,0.8,0.5,0.9,0.497,0.362,0.655,andre_drummond,2026-01-24T02:19:06Z,76ers,0.558,5,East,-0.33150860936399557,0.4048487398425471,146,Outside
2025-26,2026,CJ McCollum,ATL,41,30.2,18.5,3.4,3.7,0.7,0.3,0.447,0.374,0.775,cj_mccollum,2026-01-24T02:19:06Z,Hawks,0.457,10,East,-0.20091489245318925,0.40389457895390635,147,Outside
2025-26,2026,Josh Minott,BOS,29,17.6,6.3,4.0,1.1,0.8,0.4,0.504,0.438,0.769,josh_minott,2026-01-24T02:19:06Z,Celtics,0.628,2,East,-0.4206448365796396,0.4029032795724087,148,Outside
2025-26,2026,Miles Bridges,CHA,44,32.8,18.7,6.3,3.5,0.5,0.5,0.443,0.332,0.839,miles_bridges,2026-01-24T02:19:06Z,Hornets,0.378,12,East,-0.13005502603572605,0.400470419503751,149,Outside
2025-26,2026,Dominick Barlow,PHI,33,24.1,8.2,5.1,1.3,0.9,0.7,0.552,0.26,0.778,dominick_barlow,2026-01-24T02:19:06Z,76ers,0.558,5,East,-0.34526606087148937,0.3976696009292333,150,Outside
2025-26,2026,Pascal Siakam,IND,43,33.8,23.8,7.0,4.0,1.2,0.4,0.484,0.386,0.681,pascal_siakam,2026-01-24T02:19:06Z,Pacers,0.222,15,East,0.004040363547738755,0.3974474549666051,151,Outside
2025-26,2026,Royce O'Neale,PHX,44,29.3,10.5,5.0,2.9,1.2,0.3,0.431,0.418,0.632,royce_oneale,2026-01-24T02:19:06Z,Suns,0.614,5,West,-0.3839412950814326,0.39599985278747424,152,Outside
2025-26,2026,Jamal Shead,TOR,46,22.4,7.3,1.8,5.6,1.0,0.1,0.367,0.335,0.789,jamal_shead,2026-01-24T02:19:06Z,Raptors,0.587,4,East,-0.3813800535610967,0.39555363913997105,153,Outside
2025-26,2026,Cedric Coward,MEM,39,26.6,14.1,6.5,2.8,0.6,0.4,0.474,0.345,0.85,cedric_coward,2026-01-24T02:19:06Z,Grizzlies,0.429,11,West,-0.1854974040300116,0.3955409300586231,154,Outside
2025-26,2026,Steven Adams,HOU,32,22.8,5.8,8.6,1.5,0.7,0.6,0.504,0.0,0.58,steven_adams,2026-01-24T02:19:06Z,Rockets,0.619,4,West,-0.40295463393978953,0.3948737502658542,155,Outside
2025-26,2026,Brandon Miller,CHA,28,30.0,20.0,4.2,3.4,1.0,1.0,0.42,0.356,0.843,brandon_miller,2026-01-24T02:19:06Z,Hornets,0.378,12,East,-0.14290007067231775,0.3937674077036675,156,Outside
2025-26,2026,Jake LaRavia,LAL,43,27.2,9.5,4.2,2.0,1.3,0.4,0.462,0.345,0.753,jake_laravia,2026-01-24T02:19:06Z,Lakers,0.605,6,West,-0.369740877287178,0.3932920838770094,157,Outside
2025-26,2026,Sam Merrill,CLE,24,25.8,13.8,2.4,2.3,0.7,0.1,0.47,0.455,0.882,sam_merrill,2026-01-24T02:19:06Z,Cavaliers,0.556,6,East,-0.34183914215846006,0.3916538776722991,158,Outside
2025-26,2026,Kelly Oubre Jr.,PHI,21,32.3,14.6,4.5,1.4,1.1,0.8,0.489,0.385,0.745,kelly_oubre,2026-01-24T02:19:06Z,76ers,0.558,5,East,-0.35698811830333066,0.3915526047248715,159,Outside
2025-26,2026,Draymond Green,GSW,38,26.7,8.7,5.8,5.2,0.9,0.7,0.426,0.331,0.694,draymond_green,2026-01-24T02:19:06Z,Warriors,0.543,8,West,-0.30708028456273867,0.39120907970351565,160,Outside
2025-26,2026,Trey Murphy III,NOP,42,35.7,22.0,6.0,3.6,1.5,0.3,0.492,0.383,0.899,trey_murphy,2026-01-24T02:19:06Z,Pelicans,0.217,15,West,-0.006352521972388683,0.39037117648038117,161,Outside
2025-26,2026,Oso Ighodaro,PHX,44,19.9,5.4,4.3,1.8,1.0,0.5,0.618,0.0,0.5,oso_ighodaro,2026-01-24T02:19:06Z,Suns,0.614,5,West,-0.3976502648393549,0.38884601341563035,162,Outside
2025-26,2026,Zion Williamson,NOP,30,28.8,21.9,5.7,3.4,1.1,0.6,0.582,0.0,0.701,zion_williamson,2026-01-24T02:19:06Z,Pelicans,0.217,15,West,-0.009855643686632831,0.3885431200701437,163,Outside
2025-26,2026,Cam Spencer,MEM,41,23.7,11.8,2.7,5.4,0.7,0.0,0.476,0.458,0.927,cam_spencer,2026-01-24T02:19:06Z,Grizzlies,0.429,11,West,-0.2023692472905963,0.3867365881770314,164,Outside
2025-26,2026,Naji Marshall,DAL,45,29.0,14.5,4.7,3.0,1.1,0.1,0.548,0.313,0.792,naji_marshall,2026-01-24T02:19:06Z,Mavericks,0.422,12,West,-0.18445187367438862,0.38662961912171384,165,Outside
2025-26,2026,Marcus Smart,LAL,34,28.5,10.0,3.0,2.9,1.4,0.3,0.407,0.324,0.886,marcus_smart,2026-01-24T02:19:06Z,Lakers,0.605,6,West,-0.3834077534658721,0.38616021046684623,166,Outside
2025-26,2026,John Collins,LAC,41,27.5,13.2,4.9,0.8,0.9,0.9,0.559,0.427,0.807,john_collins,2026-01-24T02:19:06Z,Clippers,0.455,10,West,-0.2417609538585903,0.38191846045304384,167,Outside
2025-26,2026,Santi Aldama,MEM,41,28.0,14.0,6.7,3.0,0.9,0.7,0.478,0.349,0.673,santi_aldama,2026-01-24T02:19:06Z,Grizzlies,0.429,11,West,-0.21470321941717804,0.3803002726136846,168,Outside
2025-26,2026,Jalen Smith,CHI,37,19.4,9.6,6.8,1.3,0.4,0.9,0.466,0.358,0.738,jalen_smith,2026-01-24T02:19:06Z,Bulls,0.5,9,East,-0.2963210019776886,0.3754659317757186,169,Outside
2025-26,2026,Jordan Clarkson,NYK,44,19.5,9.5,1.8,1.3,0.5,0.1,0.425,0.33,0.778,jordan_clarkson,2026-01-24T02:19:06Z,Knicks,0.591,3,East,-0.43692223853852435,0.37503487669581637,170,Outside
2025-26,2026,Christian Braun,DEN,14,28.9,9.5,4.2,2.5,0.6,0.4,0.459,0.212,0.75,christian_braun,2026-01-24T02:19:06Z,Nuggets,0.667,3,West,-0.48650706567423624,0.37428367614738567,171,Outside
2025-26,2026,Jonathan Kuminga,GSW,20,23.8,12.1,5.9,2.5,0.4,0.3,0.454,0.321,0.742,jonathan_kuminga,2026-01-24T02:19:06Z,Warriors,0.543,8,West,-0.34259873674015895,0.3726742586264654,172,Outside
2025-26,2026,Al Horford,GSW,26,19.6,6.8,5.0,2.0,0.8,1.0,0.391,0.351,1.0,al_horford,2026-01-24T02:19:06Z,Warriors,0.543,8,West,-0.34721234195743866,0.3702667115071462,173,Outside
2025-26,2026,Russell Westbrook,SAC,45,29.8,15.6,6.1,6.9,1.4,0.2,0.439,0.353,0.692,russell_westbrook,2026-01-24T02:19:06Z,Kings,0.267,14,West,-0.09076943807659221,0.3699911399787625,174,Outside
2025-26,2026,Davion Mitchell,MIA,40,29.2,9.0,2.6,7.2,1.2,0.1,0.47,0.4,0.651,davion_mitchell,2026-01-24T02:19:06Z,Heat,0.511,8,East,-0.33337596510039164,0.3669085241437325,175,Outside
2025-26,2026,Spencer Jones,DEN,40,23.1,6.2,3.1,0.9,0.9,0.4,0.52,0.4,0.634,spencer_jones,2026-01-24T02:19:06Z,Nuggets,0.667,3,West,-0.5010757353996519,0.3666812140428326,176,Outside
2025-26,2026,Jusuf Nurkić,UTA,35,26.3,11.1,10.2,4.8,1.3,0.5,0.503,0.344,0.563,jusuf_nurkic,2026-01-24T02:19:06Z,Jazz,0.333,13,West,-0.15307840674941575,0.36643709128684077,177,Outside
2025-26,2026,Trendon Watford,PHI,22,15.9,6.3,3.4,2.9,0.3,0.3,0.525,0.4,0.75,trendon_watford,2026-01-24T02:19:06Z,76ers,0.558,5,East,-0.4053617582645386,0.36630947878436054,178,Outside
2025-26,2026,Ryan Dunn,PHX,37,21.0,6.5,4.4,1.7,0.9,0.5,0.453,0.32,0.692,ryan_dunn,2026-01-24T02:19:06Z,Suns,0.614,5,West,-0.44130202838924604,0.36606693444412935,179,Outside
2025-26,2026,Alex Sarr,WAS,34,28.1,17.2,7.4,2.8,0.8,2.1,0.502,0.344,0.706,alex_sarr,2026-01-24T02:19:06Z,Wizards,0.233,14,East,-0.07739266397826719,0.36573195814333564,180,Outside
2025-26,2026,Kevin Huerter,CHI,39,23.7,11.3,3.6,2.6,0.8,0.6,0.459,0.313,0.769,kevin_huerter,2026-01-24T02:19:06Z,Bulls,0.5,9,East,-0.31575706108327867,0.36532348873891024,181,Outside
2025-26,2026,Collin Sexton,CHA,36,23.2,14.9,2.0,4.0,0.8,0.1,0.493,0.385,0.875,collin_sexton,2026-01-24T02:19:06Z,Hornets,0.378,12,East,-0.20022694613001982,0.36385215761880235,182,Outside
2025-26,2026,Ryan Kalkbrenner,CHA,33,24.4,8.7,6.3,0.7,0.6,1.5,0.772,0.0,0.717,ryan_kalkbrenner,2026-01-24T02:19:06Z,Hornets,0.378,12,East,-0.201609552944393,0.3631306630616547,183,Outside
2025-26,2026,Bobby Portis,MIL,43,23.6,13.2,6.4,1.5,0.6,0.2,0.49,0.467,0.75,bobby_portis,2026-01-24T02:19:06Z,Bucks,0.419,11,East,-0.2423837368108317,0.36254978605259525,184,Outside
2025-26,2026,De'Anthony Melton,GSW,20,20.8,11.3,2.7,2.0,1.4,0.6,0.433,0.303,0.787,deanthony_melton,2026-01-24T02:19:06Z,Warriors,0.543,8,West,-0.3636458202031901,0.3616911244450434,185,Outside
2025-26,2026,Quinten Post,GSW,46,17.8,8.0,4.0,1.4,0.5,0.5,0.441,0.348,0.792,quinten_post,2026-01-24T02:19:06Z,Warriors,0.543,8,West,-0.3638099373214229,0.361605482159537,186,Outside
2025-26,2026,Gradey Dick,TOR,46,16.3,6.6,2.2,0.7,0.7,0.1,0.417,0.299,0.847,gradey_dick,2026-01-24T02:19:06Z,Raptors,0.587,4,East,-0.4477170754950186,0.36093656669019675,187,Outside
2025-26,2026,Buddy Hield,GSW,39,16.9,8.0,2.4,1.4,0.8,0.2,0.441,0.357,0.929,buddy_hield,2026-01-24T02:19:06Z,Warriors,0.543,8,West,-0.3664386037307872,0.36023374835409283,188,Outside
2025-26,2026,Rui Hachimura,LAL,33,30.6,12.0,3.5,0.9,0.6,0.3,0.502,0.419,0.763,rui_hachimura,2026-01-24T02:19:06Z,Lakers,0.605,6,West,-0.4354684745700652,0.3589930313907867,189,Outside
2025-26,2026,DeMar DeRozan,SAC,45,33.6,18.8,3.3,4.0,1.4,0.2,0.506,0.358,0.874,demar_derozan,2026-01-24T02:19:06Z,Kings,0.267,14,West,-0.11219568741323296,0.35881014324435617,190,Outside
2025-26,2026,Moses Moody,GSW,44,24.4,10.7,3.0,1.5,0.9,0.6,0.43,0.394,0.797,moses_moody,2026-01-24T02:19:06Z,Warriors,0.543,8,West,-0.3731368581313608,0.3567383554179636,191,Outside
2025-26,2026,Nic Claxton,BKN,40,29.6,12.6,7.5,4.0,0.7,1.4,0.583,0.167,0.642,nic_claxton,2026-01-24T02:19:06Z,Nets,0.286,13,East,-0.1444739055453714,0.355390043102204,192,Outside
2025-26,2026,Domantas Sabonis,SAC,14,30.2,15.4,11.4,3.6,1.0,0.2,0.519,0.174,0.721,domantas_sabonis,2026-01-24T02:19:06Z,Kings,0.267,14,West,-0.12231941226106334,0.3535272151553019,193,Outside
2025-26,2026,P.J. Washington,DAL,32,31.1,14.5,7.3,1.9,1.1,1.4,0.454,0.318,0.685,pj_washington,2026-01-24T02:19:06Z,Mavericks,0.422,12,West,-0.24922449592011875,0.35282890736718575,194,Outside
2025-26,2026,Toumani Camara,POR,45,33.8,13.0,5.1,2.7,1.0,0.5,0.431,0.35,0.704,toumani_camara,2026-01-24T02:19:06Z,Trail Blazers,0.511,9,West,-0.34691465562379625,0.352700685531092,195,Outside
2025-26,2026,Jarred Vanderbilt,LAL,34,19.8,4.9,5.1,1.3,0.9,0.4,0.485,0.315,0.71,jarred_vanderbilt,2026-01-24T02:19:06Z,Lakers,0.605,6,West,-0.4499840846894789,0.3514182577198048,196,Outside
2025-26,2026,Adem Bona,PHI,34,16.8,4.1,4.0,0.3,0.3,1.4,0.593,0.4,0.672,adem_bona,2026-01-24T02:19:06Z,76ers,0.558,5,East,-0.43851713352934374,0.34900779724694575,197,Outside
2025-26,2026,Daniel Gafford,DAL,29,20.8,7.8,6.5,0.8,0.8,1.3,0.629,0.0,0.761,daniel_gafford,2026-01-24T02:19:06Z,Mavericks,0.422,12,West,-0.2569387075098447,0.34880335099294224,198,Outside
2025-26,2026,Brandon Williams,DAL,39,22.2,12.2,2.9,3.7,1.1,0.2,0.455,0.192,0.787,brandon_williams,2026-01-24T02:19:06Z,Mavericks,0.422,12,West,-0.26147706413355926,0.3464350713284959,199,Outside
2025-26,2026,Tristan da Silva,ORL,38,23.0,9.4,3.6,1.2,0.8,0.2,0.439,0.379,0.842,tristan_da_silva,2026-01-24T02:19:06Z,Magic,0.535,7,East,-0.4015505621247031,0.3464092795717212,200,Outside
2025-26,2026,Jock Landale,MEM,40,22.9,11.3,6.4,1.7,0.5,0.5,0.521,0.398,0.671,jock_landale,2026-01-24T02:19:06Z,Grizzlies,0.429,11,West,-0.2818884344455585,0.34524058213635533,201,Outside
2025-26,2026,Trae Young,WAS,10,28.0,19.3,1.5,8.9,1.0,0.1,0.415,0.305,0.863,trae_young,2026-01-24T02:19:06Z,Wizards,0.233,14,East,-0.11876099856015207,0.34414445551510375,202,Outside
2025-26,2026,Craig Porter Jr.,CLE,40,17.7,4.9,3.6,3.0,1.0,0.7,0.467,0.404,0.577,craig_porter,2026-01-24T02:19:06Z,Cavaliers,0.556,6,East,-0.436286368251266,0.34236787759241005,203,Outside
2025-26,2026,Derik Queen,NOP,45,26.0,12.5,7.4,4.4,1.0,0.9,0.494,0.19,0.78,derik_queen,2026-01-24T02:19:06Z,Pelicans,0.217,15,West,-0.09987766530488065,0.3415663527449815,204,Outside
2025-26,2026,Zach Collins,CHI,10,18.4,9.7,5.6,1.5,0.2,0.4,0.578,0.429,0.7,zach_collins,2026-01-24T02:19:06Z,Bulls,0.5,9,East,-0.36345457862701824,0.3404331880840103,205,Outside
2025-26,2026,Landry Shamet,NYK,19,20.2,9.2,1.7,1.1,0.5,0.3,0.461,0.435,0.775,landry_shamet,2026-01-24T02:19:06Z,Knicks,0.591,3,East,-0.5035759241193482,0.3402525576297871,206,Outside
2025-26,2026,Dru Smith,MIA,44,16.7,6.0,2.4,2.5,1.4,0.3,0.408,0.315,0.817,dru_smith,2026-01-24T02:19:06Z,Heat,0.511,8,East,-0.38506810351572024,0.3399336849296713,207,Outside
2025-26,2026,Pelle Larsson,MIA,37,23.1,9.4,2.9,3.3,0.5,0.2,0.473,0.311,0.739,pelle_larsson,2026-01-24T02:19:06Z,Heat,0.511,8,East,-0.38597194684264646,0.3394620265853668,208,Outside
2025-26,2026,Moussa Diabaté,CHA,41,24.4,8.0,8.2,1.4,0.7,1.0,0.625,0.0,0.65,moussa_diabate,2026-01-24T02:19:06Z,Hornets,0.378,12,East,-0.24779508885811952,0.3390293694514337,209,Outside
2025-26,2026,Nae'Qwan Tomlin,CLE,34,16.1,6.2,3.3,0.8,0.7,0.7,0.475,0.219,0.718,naeqwan_tomlin,2026-01-24T02:19:06Z,Cavaliers,0.556,6,East,-0.44478066608155237,0.33793524382579504,210,Outside
2025-26,2026,Will Richard,GSW,41,19.1,6.9,2.5,1.3,1.1,0.1,0.486,0.365,0.814,will_richard,2026-01-24T02:19:06Z,Warriors,0.543,8,West,-0.40926877102398695,0.33788340821218055,211,Outside
2025-26,2026,Kyle Kuzma,MIL,41,26.0,12.5,4.5,2.1,0.6,0.5,0.495,0.314,0.75,kyle_kuzma,2026-01-24T02:19:06Z,Bucks,0.419,11,East,-0.2971733724691955,0.3339585600404964,212,Outside
2025-26,2026,Ja'Kobe Walter,TOR,37,17.7,6.1,2.1,0.9,0.9,0.2,0.431,0.367,0.75,jakobe_walter,2026-01-24T02:19:06Z,Raptors,0.587,4,East,-0.5054734935460713,0.33079716564647343,213,Outside
2025-26,2026,Luke Kennard,ATL,40,20.4,7.8,2.0,2.2,0.8,0.1,0.524,0.473,0.933,luke_kennard,2026-01-24T02:19:06Z,Hawks,0.457,10,East,-0.34243828461532466,0.3300425220331953,214,Outside
2025-26,2026,Ochai Agbaji,TOR,37,16.4,4.5,2.3,0.8,0.4,0.3,0.411,0.197,0.889,ochai_agbaji,2026-01-24T02:19:06Z,Raptors,0.587,4,East,-0.510549947455204,0.32814808723388755,215,Outside
2025-26,2026,Kyshawn George,WAS,34,31.3,15.6,5.8,5.0,1.1,0.9,0.459,0.397,0.772,kyshawn_george,2026-01-24T02:19:06Z,Wizards,0.233,14,East,-0.15046888772979017,0.3275981249049036,216,Outside
2025-26,2026,Josh Okogie,HOU,42,19.5,5.5,2.7,0.9,1.0,0.2,0.44,0.394,0.646,josh_okogie,2026-01-24T02:19:06Z,Rockets,0.619,4,West,-0.5319965392386065,0.32753498746707077,217,Outside
2025-26,2026,Simone Fontecchio,MIA,42,16.7,8.5,3.0,1.4,0.5,0.1,0.404,0.373,0.81,simone_fontecchio,2026-01-24T02:19:06Z,Heat,0.511,8,East,-0.4089180025898623,0.3274879395509932,218,Outside
2025-26,2026,Caleb Love,POR,37,22.2,11.3,2.7,2.6,0.6,0.1,0.393,0.329,0.744,caleb_love,2026-01-24T02:19:06Z,Trail Blazers,0.511,9,West,-0.40424275426702977,0.32278479714349745,219,Outside
2025-26,2026,Myles Turner,MIL,41,28.3,12.2,5.3,1.6,0.6,1.5,0.421,0.39,0.757,myles_turner,2026-01-24T02:19:06Z,Bucks,0.419,11,East,-0.32210349924732185,0.3209491125298726,220,Outside
2025-26,2026,Max Christie,DAL,41,29.3,13.0,3.5,2.2,0.5,0.3,0.485,0.457,0.855,max_christie,2026-01-24T02:19:06Z,Mavericks,0.422,12,West,-0.32240056848321846,0.31464296938477204,221,Outside
2025-26,2026,Day'Ron Sharpe,BKN,40,18.1,7.9,6.2,2.4,1.0,0.5,0.607,0.2,0.673,dayron_sharpe,2026-01-24T02:19:06Z,Nets,0.286,13,East,-0.22261736513871233,0.3146119417742121,222,Outside
2025-26,2026,Kris Dunn,LAC,44,27.5,7.9,2.9,3.2,1.5,0.2,0.487,0.372,0.792,kris_dunn,2026-01-24T02:19:06Z,Clippers,0.455,10,West,-0.3720023022972932,0.31395378456889195,223,Outside
2025-26,2026,Andrew Nembhard,IND,35,31.9,17.4,2.7,7.1,0.9,0.1,0.445,0.356,0.816,andrew_nembhard,2026-01-24T02:19:06Z,Pacers,0.222,15,East,-0.1567981766480744,0.31351605080709327,224,Outside
2025-26,2026,Mike Conley,MIN,39,18.5,4.7,1.7,2.9,0.6,0.2,0.338,0.336,0.881,mike_conley,2026-01-24T02:19:06Z,Timberwolves,0.6,7,West,-0.5098067802132162,0.31140484818168424,225,Outside
2025-26,2026,Nikola Jović,MIA,34,18.9,8.1,3.7,2.7,0.6,0.4,0.371,0.285,0.705,nikola_jovic,2026-01-24T02:19:06Z,Heat,0.511,8,East,-0.44023237181008607,0.3111469619729637,226,Outside
2025-26,2026,Jared McCain,PHI,31,16.7,6.1,2.1,1.5,0.7,0.0,0.354,0.323,0.88,jared_mccain,2026-01-24T02:19:06Z,76ers,0.558,5,East,-0.5120434950706914,0.3106390657265519,227,Outside
2025-26,2026,Kentavious Caldwell-Pope,MEM,41,20.9,8.3,2.4,2.9,0.8,0.2,0.411,0.35,0.933,kentavious_caldwellpope,2026-01-24T02:19:06Z,Grizzlies,0.429,11,West,-0.3604790436650358,0.30422914185897143,228,Outside
2025-26,2026,T.J. McConnell,IND,32,17.2,9.7,2.3,4.9,1.2,0.2,0.535,0.324,0.923,tj_mcconnell,2026-01-24T02:19:06Z,Pacers,0.222,15,East,-0.1753938803936482,0.3038121357827456,229,Outside
2025-26,2026,Jordan Miller,LAC,23,18.4,8.4,3.0,1.6,0.7,0.2,0.516,0.396,0.83,jordan_miller,2026-01-24T02:19:06Z,Clippers,0.455,10,West,-0.3916294142920608,0.30371164318094296,230,Outside
2025-26,2026,Zach LaVine,SAC,33,32.5,19.8,2.8,2.4,0.7,0.3,0.486,0.399,0.866,zach_lavine,2026-01-24T02:19:06Z,Kings,0.267,14,West,-0.21801407509017984,0.3035902571846533,231,Outside
2025-26,2026,Lonzo Ball,CLE,30,21.2,4.9,3.9,4.1,1.2,0.3,0.304,0.271,0.7,lonzo_ball,2026-01-24T02:19:06Z,Cavaliers,0.556,6,East,-0.5124654328115975,0.3026148690888352,232,Outside
2025-26,2026,Derrick Jones Jr.,LAC,17,24.2,10.4,2.6,1.2,0.8,1.1,0.556,0.4,0.774,derrick_jones,2026-01-24T02:19:06Z,Clippers,0.455,10,West,-0.3949365485668708,0.3019858601497682,233,Outside
2025-26,2026,Dereck Lively II,DAL,7,16.5,4.3,5.3,1.9,0.6,1.6,0.611,0.0,0.8,dereck_lively,2026-01-24T02:19:06Z,Mavericks,0.422,12,West,-0.34849102272077,0.3010280207744999,234,Outside
2025-26,2026,Dean Wade,CLE,36,22.6,5.6,4.1,1.6,0.7,0.4,0.391,0.318,0.75,dean_wade,2026-01-24T02:19:06Z,Cavaliers,0.556,6,East,-0.5186613988837808,0.29938158848376434,235,Outside
2025-26,2026,Tyus Jones,ORL,43,16.1,3.1,1.1,2.3,0.7,0.1,0.336,0.278,1.0,tyus_jones,2026-01-24T02:19:06Z,Magic,0.535,7,East,-0.505509715657886,0.2921596095569877,236,Outside
2025-26,2026,Vince Williams Jr.,MEM,28,21.6,7.6,4.0,4.6,0.8,0.5,0.348,0.296,0.829,vince_williams,2026-01-24T02:19:06Z,Grizzlies,0.429,11,West,-0.38655339832654817,0.29062259459343726,237,Outside
2025-26,2026,Isaac Okoro,CHI,36,25.0,8.5,2.8,1.4,0.6,0.5,0.471,0.333,0.778,isaac_okoro,2026-01-24T02:19:06Z,Bulls,0.5,9,East,-0.459339966889631,0.29039670264051354,238,Outside
2025-26,2026,Zaccharie Risacher,ATL,36,24.6,11.2,3.3,1.4,0.9,0.5,0.462,0.358,0.642,zaccharie_risacher,2026-01-24T02:19:06Z,Hawks,0.457,10,East,-0.41919142377159013,0.2899899405114223,239,Outside
2025-26,2026,Isaiah Collier,UTA,37,23.2,8.9,2.3,6.6,0.7,0.3,0.508,0.34,0.653,isaiah_collier,2026-01-24T02:19:06Z,Jazz,0.333,13,West,-0.30702347459558643,0.2861029518944418,240,Outside
2025-26,2026,Vít Krejčí,ATL,42,23.4,9.5,2.2,1.6,0.8,0.3,0.461,0.425,0.75,vit_krejci,2026-01-24T02:19:06Z,Hawks,0.457,10,East,-0.4277900660705427,0.2855028560033322,241,Outside
2025-26,2026,Jaylen Wells,MEM,42,27.0,11.9,3.5,1.7,0.9,0.1,0.402,0.326,0.78,jaylen_wells,2026-01-24T02:19:06Z,Grizzlies,0.429,11,West,-0.3981166038498118,0.2845884930965511,242,Outside
2025-26,2026,Marvin Bagley III,WAS,36,19.3,10.0,5.7,1.5,0.5,0.7,0.619,0.389,0.71,marvin_bagley,2026-01-24T02:19:06Z,Wizards,0.233,14,East,-0.23589751552358817,0.2830183576586673,243,Outside
2025-26,2026,Kyle Filipowski,UTA,44,22.4,9.3,6.2,2.0,0.7,0.5,0.462,0.31,0.708,kyle_filipowski,2026-01-24T02:19:06Z,Jazz,0.333,13,West,-0.31740699459221106,0.28068445324123303,244,Outside
2025-26,2026,Brice Sensabaugh,UTA,42,20.9,11.5,3.0,1.5,0.7,0.1,0.449,0.322,0.872,brice_sensabaugh,2026-01-24T02:19:06Z,Jazz,0.333,13,West,-0.321107797867177,0.27875323939778573,245,Outside
2025-26,2026,Dorian Finney-Smith,HOU,13,15.5,3.2,2.7,0.5,0.2,0.2,0.318,0.286,1.0,dorian_finneysmith,2026-01-24T02:19:06Z,Rockets,0.619,4,West,-0.6293035201304037,0.2767566632493288,246,Outside
2025-26,2026,Corey Kispert,ATL,25,19.2,9.0,2.3,1.6,0.5,0.1,0.472,0.373,0.783,corey_kispert,2026-01-24T02:19:06Z,Hawks,0.457,10,East,-0.4502989324353785,0.2737569103006451,247,Outside
2025-26,2026,D'Angelo Russell,DAL,26,19.0,10.2,2.3,4.0,0.5,0.1,0.405,0.295,0.717,dangelo_russell,2026-01-24T02:19:06Z,Mavericks,0.422,12,West,-0.40383278017560814,0.2721486775139559,248,Outside
2025-26,2026,Kris Murray,POR,34,25.7,6.1,4.0,1.2,1.2,0.4,0.446,0.256,0.738,kris_murray,2026-01-24T02:19:06Z,Trail Blazers,0.511,9,West,-0.5052449959167837,0.2700781513694092,249,Outside
2025-26,2026,Dennis Schröder,SAC,35,26.4,12.5,3.1,5.5,0.8,0.1,0.411,0.336,0.805,dennis_schroder,2026-01-24T02:19:06Z,Kings,0.267,14,West,-0.2832385358417463,0.26955375965264927,250,Outside
2025-26,2026,Klay Thompson,DAL,42,22.2,11.9,2.5,1.5,0.5,0.4,0.389,0.379,0.742,klay_thompson,2026-01-24T02:19:06Z,Mavericks,0.422,12,West,-0.4114251056907078,0.2681867257296224,251,Outside
2025-26,2026,Jeremiah Fears,NOP,46,26.4,13.9,3.7,3.1,1.2,0.2,0.435,0.32,0.806,jeremiah_fears,2026-01-24T02:19:06Z,Pelicans,0.217,15,West,-0.24292393450774152,0.2669196031577319,252,Outside
2025-26,2026,Ryan Nembhard,DAL,32,20.3,7.4,1.9,5.2,0.3,0.0,0.452,0.397,0.727,ryan_nembhard,2026-01-24T02:19:06Z,Mavericks,0.422,12,West,-0.4191900661199715,0.26413468676385143,253,Outside
2025-26,2026,Kobe Sanders,LAC,36,20.7,6.8,2.4,1.5,0.6,0.1,0.442,0.389,0.865,kobe_sanders,2026-01-24T02:19:06Z,Clippers,0.455,10,West,-0.46841073990028526,0.26364435294266264,254,Outside
2025-26,2026,Brook Lopez,LAC,37,16.9,6.4,2.6,0.9,0.5,1.0,0.362,0.327,0.846,brook_lopez,2026-01-24T02:19:06Z,Clippers,0.455,10,West,-0.47309311911228663,0.26120091704979687,255,Outside
2025-26,2026,Saddiq Bey,NOP,39,29.8,15.2,5.6,2.2,0.9,0.1,0.442,0.32,0.823,saddiq_bey,2026-01-24T02:19:06Z,Pelicans,0.217,15,West,-0.25509178910690533,0.2605699737662114,256,Outside
2025-26,2026,Bennedict Mathurin,IND,24,32.1,17.8,5.5,2.2,0.7,0.2,0.423,0.366,0.876,bennedict_mathurin,2026-01-24T02:19:06Z,Pacers,0.222,15,East,-0.26183639671368764,0.25870328460199304,257,Outside
2025-26,2026,Patrick Williams,CHI,40,18.4,6.5,3.0,1.2,0.7,0.3,0.378,0.402,0.683,patrick_williams,2026-01-24T02:19:06Z,Bulls,0.5,9,East,-0.5214798258502595,0.2579698625902994,258,Outside
2025-26,2026,Blake Wesley,POR,6,16.3,6.0,2.3,3.2,1.7,0.2,0.412,0.2,0.6,blake_wesley,2026-01-24T02:19:06Z,Trail Blazers,0.511,9,West,-0.5287077092454325,0.2578344536047559,259,Outside
2025-26,2026,Cole Anthony,MIL,30,15.0,6.8,2.6,3.5,0.6,0.3,0.446,0.322,0.591,cole_anthony,2026-01-24T02:19:06Z,Bucks,0.419,11,East,-0.44657046677663337,0.255997718768818,260,Outside
2025-26,2026,Maxime Raynaud,SAC,37,23.4,10.0,6.6,1.2,0.4,0.5,0.545,0.3,0.714,maxime_raynaud,2026-01-24T02:19:06Z,Kings,0.267,14,West,-0.3106378170005084,0.2552558175187774,261,Outside
2025-26,2026,Walter Clayton Jr.,UTA,40,18.5,7.1,2.0,3.4,0.6,0.2,0.408,0.305,0.948,walter_clayton,2026-01-24T02:19:06Z,Jazz,0.333,13,West,-0.36806722677398285,0.2542481002571385,262,Outside
2025-26,2026,Noah Clowney,BKN,42,28.4,13.1,4.1,1.9,0.8,0.8,0.389,0.32,0.8,noah_clowney,2026-01-24T02:19:06Z,Nets,0.286,13,East,-0.34105377058218367,0.252807514798105,263,Outside
2025-26,2026,Gabe Vincent,LAL,23,19.8,4.9,0.9,1.3,0.4,0.0,0.336,0.369,0.909,gabe_vincent,2026-01-24T02:19:06Z,Lakers,0.605,6,West,-0.6406941791623698,0.25189878933234205,264,Outside
2025-26,2026,AJ Green,MIL,40,29.5,10.5,2.6,2.0,0.6,0.1,0.445,0.437,0.8,aj_green,2026-01-24T02:19:06Z,Bucks,0.419,11,East,-0.45523273947033177,0.2514774296048553,265,Outside
2025-26,2026,Cam Thomas,BKN,19,24.6,16.6,1.7,3.1,0.2,0.1,0.399,0.34,0.856,cam_thomas,2026-01-24T02:19:06Z,Nets,0.286,13,East,-0.345145449119314,0.2506723280165501,266,Outside
2025-26,2026,Sidy Cissoko,POR,40,21.4,6.3,2.3,1.4,0.7,0.3,0.397,0.336,0.707,sidy_cissoko,2026-01-24T02:19:06Z,Trail Blazers,0.511,9,West,-0.5450635636228095,0.24929937350237202,267,Outside
2025-26,2026,Mouhamed Gueye,ATL,44,16.1,4.7,3.5,1.0,0.8,0.6,0.441,0.275,0.595,mouhamed_gueye,2026-01-24T02:19:06Z,Hawks,0.457,10,East,-0.49916332273610503,0.24825769297160616,268,Outside
2025-26,2026,Malik Monk,SAC,37,22.1,12.2,2.1,2.4,0.6,0.4,0.446,0.421,0.859,malik_monk,2026-01-24T02:19:06Z,Kings,0.267,14,West,-0.3246129068774136,0.24796310698313076,269,Outside
2025-26,2026,Jay Huff,IND,45,19.9,8.6,3.8,1.3,0.5,2.1,0.469,0.316,0.833,jay_huff,2026-01-24T02:19:06Z,Pacers,0.222,15,East,-0.28742707297968934,0.24534913832721278,270,Outside
2025-26,2026,Egor Dëmin,BKN,37,24.6,10.3,3.0,3.4,0.9,0.3,0.402,0.396,0.838,egor_demin,2026-01-24T02:19:06Z,Nets,0.286,13,East,-0.3596260285449179,0.24311583463657654,271,Outside
2025-26,2026,Keegan Murray,SAC,19,35.9,14.6,6.1,1.5,1.2,1.6,0.429,0.272,0.789,keegan_murray,2026-01-24T02:19:06Z,Kings,0.267,14,West,-0.33610341442490904,0.24196694193591864,272,Outside
2025-26,2026,GG Jackson,MEM,22,15.4,6.8,2.8,0.7,0.7,0.5,0.455,0.271,0.75,gg_jackson,2026-01-24T02:19:06Z,Grizzlies,0.429,11,West,-0.4831725835348394,0.24020318719638534,273,Outside
2025-26,2026,Bogdan Bogdanović,LAC,16,22.5,8.0,2.9,2.7,0.5,0.1,0.376,0.333,0.842,bogdan_bogdanovic,2026-01-24T02:19:06Z,Clippers,0.455,10,West,-0.5149563807715171,0.23935514345922232,274,Outside
2025-26,2026,Ace Bailey,UTA,38,24.5,10.9,3.5,1.6,0.7,0.4,0.452,0.35,0.722,ace_bailey,2026-01-24T02:19:06Z,Jazz,0.333,13,West,-0.40069170439362517,0.23722346043353965,275,Outside
2025-26,2026,Tre Johnson,WAS,36,25.0,12.6,2.8,2.1,0.7,0.3,0.448,0.393,0.889,tre_johnson,2026-01-24T02:19:06Z,Wizards,0.233,14,East,-0.32544695934703455,0.23628819862679107,276,Outside
2025-26,2026,Svi Mykhailiuk,UTA,38,24.4,8.9,2.6,2.0,0.5,0.1,0.472,0.386,0.905,svi_mykhailiuk,2026-01-24T02:19:06Z,Jazz,0.333,13,West,-0.4038045858610734,0.2355990455872785,277,Outside
2025-26,2026,Tre Mann,CHA,28,16.9,7.8,2.4,2.3,0.5,0.1,0.372,0.322,0.882,tre_mann,2026-01-24T02:19:06Z,Hornets,0.378,12,East,-0.44681814407464193,0.2351718955891236,278,Outside
2025-26,2026,Tidjane Salaün,CHA,29,16.4,6.5,4.3,0.9,0.4,0.2,0.515,0.441,0.7,tidjane_salaun,2026-01-24T02:19:06Z,Hornets,0.378,12,East,-0.4472717789704266,0.23493517238999106,279,Outside
2025-26,2026,Nicolas Batum,LAC,43,20.1,4.6,2.6,0.8,0.8,0.4,0.393,0.394,0.818,nicolas_batum,2026-01-24T02:19:06Z,Clippers,0.455,10,West,-0.5314221758995626,0.23076269227173205,280,Outside
2025-26,2026,Isaiah Jackson,IND,32,17.6,6.9,5.6,0.8,0.7,0.8,0.583,0.0,0.73,isaiah_jackson,2026-01-24T02:19:06Z,Pacers,0.222,15,East,-0.32160903222883286,0.22751174790318238,281,Outside
2025-26,2026,Kevin Love,UTA,25,17.3,7.1,5.6,1.8,0.3,0.3,0.399,0.36,0.818,kevin_love,2026-01-24T02:19:06Z,Jazz,0.333,13,West,-0.42072563086482856,0.226769028445352,282,Outside
2025-26,2026,Justin Champagnie,WAS,41,18.5,7.1,5.6,1.1,0.8,0.5,0.502,0.313,0.736,justin_champagnie,2026-01-24T02:19:06Z,Wizards,0.233,14,East,-0.3450090198581839,0.2260800034706102,283,Outside
2025-26,2026,Terance Mann,BKN,38,25.4,7.6,3.3,3.7,0.8,0.3,0.447,0.337,0.821,terance_mann,2026-01-24T02:19:06Z,Nets,0.286,13,East,-0.3928028903023677,0.22580294066527662,284,Outside
2025-26,2026,Kyle Anderson,UTA,16,20.0,7.5,3.5,2.9,1.3,0.5,0.521,0.5,0.606,kyle_anderson,2026-01-24T02:19:06Z,Jazz,0.333,13,West,-0.4273174900368991,0.22332915641182033,285,Outside
2025-26,2026,Sion James,CHA,45,25.1,6.2,3.4,2.0,0.6,0.4,0.384,0.362,0.873,sion_james,2026-01-24T02:19:06Z,Hornets,0.378,12,East,-0.4755740873921376,0.2201659977636995,286,Outside
2025-26,2026,Jeremiah Robinson-Earl,DAL,21,17.0,4.8,4.9,0.7,0.4,0.0,0.37,0.244,0.944,jeremiah_robinsonearl,2026-01-24T02:19:06Z,Mavericks,0.422,12,West,-0.5123689667659058,0.21551054506415893,287,Outside
2025-26,2026,Khris Middleton,WAS,30,24.5,9.8,4.0,3.2,0.8,0.3,0.422,0.314,0.831,khris_middleton,2026-01-24T02:19:06Z,Wizards,0.233,14,East,-0.3666583367572517,0.21478260196335436,288,Outside
2025-26,2026,Gary Trent Jr.,MIL,40,24.2,8.3,1.2,1.6,0.7,0.1,0.378,0.356,0.818,gary_trent,2026-01-24T02:19:06Z,Bucks,0.419,11,East,-0.5283105882763472,0.21334274835384356,289,Outside
2025-26,2026,Jordan Poole,NOP,27,25.8,14.8,1.7,3.1,0.7,0.3,0.373,0.338,0.876,jordan_poole,2026-01-24T02:19:06Z,Pelicans,0.217,15,West,-0.3508472410397247,0.21060129382876827,290,Outside
2025-26,2026,Bub Carrington,WAS,43,28.5,9.8,3.8,4.6,0.6,0.3,0.398,0.403,0.754,bub_carrington,2026-01-24T02:19:06Z,Wizards,0.233,14,East,-0.37799475577620256,0.20886684591854843,291,Outside
2025-26,2026,Taurean Prince,MIL,8,21.1,6.1,1.6,1.0,0.8,0.3,0.447,0.429,1.0,taurean_prince,2026-01-24T02:19:06Z,Bucks,0.419,11,East,-0.5376240008862077,0.20848267068271562,292,Outside
2025-26,2026,Bilal Coulibaly,WAS,25,26.6,10.1,4.7,2.5,1.4,0.9,0.392,0.273,0.765,bilal_coulibaly,2026-01-24T02:19:06Z,Wizards,0.233,14,East,-0.3847995707608871,0.2053158457912473,293,Outside
2025-26,2026,Danny Wolf,BKN,28,19.1,7.7,4.1,1.8,0.6,0.4,0.395,0.367,0.824,danny_wolf,2026-01-24T02:19:06Z,Nets,0.286,13,East,-0.4339104229916567,0.20435153395675645,294,Outside
2025-26,2026,Ziaire Williams,BKN,31,22.5,9.4,2.4,0.6,1.2,0.5,0.416,0.321,0.875,ziaire_williams,2026-01-24T02:19:06Z,Nets,0.286,13,East,-0.43510060940689815,0.2037304513672156,295,Outside
2025-26,2026,Precious Achiuwa,SAC,38,20.9,7.7,5.5,1.2,0.8,0.6,0.517,0.341,0.529,precious_achiuwa,2026-01-24T02:19:06Z,Kings,0.267,14,West,-0.4181344005805508,0.1991601877571605,296,Outside
2025-26,2026,Dylan Cardwell,SAC,18,19.0,4.7,7.2,1.1,0.7,1.6,0.538,0.0,0.538,dylan_cardwell,2026-01-24T02:19:06Z,Kings,0.267,14,West,-0.43366970438300645,0.19105330080955907,297,Outside
2025-26,2026,Taylor Hendricks,UTA,31,15.0,5.0,3.1,0.7,0.4,0.3,0.47,0.365,0.767,taylor_hendricks,2026-01-24T02:19:06Z,Jazz,0.333,13,West,-0.49603906926696983,0.18746773517648183,298,Outside
2025-26,2026,Jose Alvarado,NOP,35,22.2,7.9,2.8,3.3,1.0,0.1,0.424,0.361,0.826,jose_alvarado,2026-01-24T02:19:06Z,Pelicans,0.217,15,West,-0.3994950674029741,0.18521508744437384,299,Outside
2025-26,2026,Jarace Walker,IND,45,23.2,9.2,4.2,1.9,0.7,0.4,0.375,0.359,0.786,jarace_walker,2026-01-24T02:19:06Z,Pacers,0.222,15,East,-0.4034073507383554,0.18482640817034932,300,Outside
2025-26,2026,Yves Missi,NOP,38,18.8,5.5,5.5,1.2,0.3,1.3,0.549,0.0,0.592,yves_missi,2026-01-24T02:19:06Z,Pelicans,0.217,15,West,-0.40136626639092937,0.1842386277082326,301,Outside
2025-26,2026,Drake Powell,BKN,31,19.2,6.4,1.6,1.7,0.6,0.2,0.447,0.308,0.889,drake_powell,2026-01-24T02:19:06Z,Nets,0.286,13,East,-0.47532111916597025,0.1827419255078013,302,Outside
2025-26,2026,Aaron Nesmith,IND,24,30.2,13.1,5.2,2.1,0.7,0.6,0.352,0.341,0.806,aaron_nesmith,2026-01-24T02:19:06Z,Pacers,0.222,15,East,-0.4078781287363786,0.1824933934923828,303,Outside
2025-26,2026,Tyrese Martin,BKN,34,19.3,7.7,2.9,2.0,0.6,0.1,0.408,0.355,0.731,tyrese_martin,2026-01-24T02:19:06Z,Nets,0.286,13,East,-0.47679851644533305,0.1819709658360249,304,Outside
2025-26,2026,Bradley Beal,LAC,6,20.2,8.2,0.8,1.7,0.5,0.0,0.375,0.368,0.75,bradley_beal,2026-01-24T02:19:06Z,Clippers,0.455,10,West,-0.6344635573008336,0.176991949158698,305,Outside
2025-26,2026,Cam Whitmore,WAS,21,16.9,9.2,2.8,0.7,0.7,0.4,0.456,0.286,0.742,cam_whitmore,2026-01-24T02:19:06Z,Wizards,0.233,14,East,-0.4519902497172881,0.1702533040374115,306,Outside
2025-26,2026,Herbert Jones,NOP,23,28.3,9.5,3.7,2.3,1.7,0.3,0.394,0.333,0.813,herbert_jones,2026-01-24T02:19:06Z,Pelicans,0.217,15,West,-0.44326274770365437,0.16237551889340085,307,Outside
2025-26,2026,Grant Williams,CHA,5,16.7,5.2,3.6,1.2,0.8,0.4,0.32,0.238,0.833,grant_williams,2026-01-24T02:19:06Z,Hornets,0.378,12,East,-0.5926408356565153,0.15907630775373582,308,Outside
2025-26,2026,KJ Simpson,CHA,14,15.9,6.0,2.1,2.5,1.1,0.0,0.348,0.308,0.625,kj_simpson,2026-01-24T02:19:06Z,Hornets,0.378,12,East,-0.5936649319786165,0.15854189701981658,309,Outside
2025-26,2026,Micah Potter,IND,14,16.9,6.8,3.5,1.4,0.3,0.3,0.441,0.375,0.933,micah_potter,2026-01-24T02:19:06Z,Pacers,0.222,15,East,-0.4562458554308198,0.15725335330969015,310,Outside
2025-26,2026,Josh Green,CHA,21,15.9,4.4,2.1,1.0,0.6,0.1,0.434,0.404,0.667,josh_green,2026-01-24T02:19:06Z,Hornets,0.378,12,East,-0.6137694936058297,0.14805060503638331,311,Outside
2025-26,2026,Quenton Jackson,IND,22,15.8,7.3,2.0,1.9,0.6,0.2,0.437,0.37,0.784,quenton_jackson,2026-01-24T02:19:06Z,Pacers,0.222,15,East,-0.4745430712863509,0.1477052001301428,312,Outside
2025-26,2026,Bryce McGowens,NOP,29,19.4,7.6,2.0,1.3,0.6,0.1,0.477,0.436,0.761,bryce_mcgowens,2026-01-24T02:19:06Z,Pelicans,0.217,15,West,-0.489271653116219,0.13836639750733623,313,Outside
2025-26,2026,Cody Williams,UTA,32,17.4,5.5,2.2,0.8,0.4,0.3,0.463,0.228,0.571,cody_williams,2026-01-24T02:19:06Z,Jazz,0.333,13,West,-0.5903648750694872,0.1382450966232827,314,Outside
2025-26,2026,Nique Clifford,SAC,41,18.7,5.3,3.0,1.3,0.6,0.3,0.399,0.295,0.676,nique_clifford,2026-01-24T02:19:06Z,Kings,0.267,14,West,-0.5393636415602964,0.13589835755008217,315,Outside
2025-26,2026,Ben Saraf,BKN,12,16.9,5.4,1.6,2.8,0.7,0.3,0.355,0.273,0.8,ben_saraf,2026-01-24T02:19:06Z,Nets,0.286,13,East,-0.5693937955166547,0.13365137911547725,316,Outside
2025-26,2026,Micah Peavy,NOP,38,16.1,4.9,2.3,1.2,0.7,0.2,0.405,0.268,0.733,micah_peavy,2026-01-24T02:19:06Z,Pelicans,0.217,15,West,-0.5294987139409184,0.11737445306344478,317,Outside
2025-26,2026,Christian Koloko,ATL,14,15.2,2.4,3.3,0.7,0.8,1.0,0.421,0.5,0.25,christian_koloko,2026-01-24T02:19:06Z,Hawks,0.457,10,East,-0.7544244836936577,0.11505312868949236,318,Outside
2025-26,2026,Nolan Traore,BKN,22,17.8,5.1,1.1,2.7,0.4,0.2,0.322,0.311,0.8,nolan_traore,2026-01-24T02:19:06Z,Nets,0.286,13,East,-0.608287103341967,0.11335543552998852,319,Outside
2025-26,2026,Ben Sheppard,IND,34,22.7,6.4,3.3,1.8,0.6,0.1,0.374,0.315,0.765,ben_sheppard,2026-01-24T02:19:06Z,Pacers,0.222,15,East,-0.5415528987722391,0.11273703325589725,320,Outside
2025-26,2026,Keon Ellis,SAC,39,17.3,5.3,1.3,0.6,1.1,0.5,0.384,0.357,0.633,keon_ellis,2026-01-24T02:19:06Z,Kings,0.267,14,West,-0.5867952267368726,0.11114683008325207,321,Outside
2025-26,2026,Johnny Furphy,IND,27,17.3,5.4,4.0,0.8,0.6,0.2,0.514,0.389,0.464,johnny_furphy,2026-01-24T02:19:06Z,Pacers,0.222,15,East,-0.5654031816537268,0.10029108759257706,322,Outside
2025-26,2026,Ethan Thompson,IND,19,16.0,4.4,1.8,1.4,0.5,0.3,0.358,0.286,0.667,ethan_thompson,2026-01-24T02:19:06Z,Pacers,0.222,15,East,-0.6538643106089606,0.05412885086928153,323,Outside
